x,y,w0,w1,w2,w3,arm,hand1,hand2
2.5199999436736107,-5.759999871253967,0.0,0.0,1.0,6.123233995736766e-17,1,0,0
2.520148892919985,-5.758047918143694,0.0,0.0,1.0,6.123233995736766e-17,1,0,0
2.5202954463672884,-5.756095957834961,0.0,0.0,1.0,6.123233995736766e-17,1,0,0
2.5204396129938025,-5.754143983165697,0.0,0.0,1.0,6.123233995736766e-17,1,0,0
2.5205814017454076,-5.75219198701351,0.0,0.0,1.0,6.123233995736766e-17,1,0,0
2.5207208215354684,-5.750239962295615,0.0,0.0,1.0,6.123233995736766e-17,1,0,0
2.5208578812450084,-5.7482879019688085,0.0,0.0,1.0,6.123233995736766e-17,1,0,0
2.520992589722639,-5.746335799029393,0.0,0.0,1.0,6.123233995736766e-17,1,0,0
2.521124955784691,-5.744383646513167,0.0,0.0,1.0,6.123233995736766e-17,1,0,0
2.5212549882151447,-5.742431437495344,0.0,0.0,1.0,6.123233995736766e-17,1,0,0
2.521382695765742,-5.740479165090524,0.0,0.0,1.0,6.123233995736766e-17,1,0,0
2.5215080871559605,-5.738526822452654,0.0,0.0,1.0,6.123233995736766e-17,1,0,0
2.5216311710731096,-5.736574402774948,0.0,0.0,1.0,6.123233995736766e-17,1,0,0
2.5217519561722885,-5.734621899289883,0.0,0.0,1.0,6.123233995736766e-17,1,0,0
2.521870451076475,-5.732669305269111,0.0,0.0,1.0,6.123233995736766e-17,1,0,0
2.521986664376547,-5.730716614023451,0.0,0.0,1.0,6.123233995736766e-17,1,0,0
2.522100604631309,-5.728763818902804,0.0,0.0,1.0,6.123233995736766e-17,1,0,0
2.522212280367505,-5.726810913296128,0.0,0.0,1.0,6.123233995736766e-17,1,0,0
2.522321700079895,-5.724857890631409,0.0,0.0,1.0,6.123233995736766e-17,1,0,0
2.5224288722312274,-5.722904744375554,0.0,0.0,1.0,6.123233995736766e-17,1,0,0
2.52253380525234,-5.720951468034417,0.0,0.0,1.0,6.123233995736766e-17,1,0,0
2.522636507542162,-5.718998055152701,0.0,0.0,1.0,6.123233995736766e-17,1,0,0
2.522736987467712,-5.717044499313922,0.0,0.0,1.0,6.123233995736766e-17,1,0,0
2.5228352533641822,-5.7150907941403855,0.0,0.0,1.0,6.123233995736766e-17,1,0,0
2.522931313534956,-5.7131369332931,0.0,0.0,1.0,6.123233995736766e-17,1,0,0
2.5230251762516374,-5.711182910471764,0.0,0.0,1.0,6.123233995736766e-17,1,0,0
2.52311684975405,-5.7092287194147,0.0,0.0,1.0,6.123233995736766e-17,1,0,0
2.523206342250348,-5.707274353898827,0.0,0.0,1.0,6.123233995736766e-17,1,0,0
2.523293661916965,-5.705319807739574,0.0,0.0,1.0,6.123233995736766e-17,1,0,0
2.5233788168987195,-5.703365074790886,0.0,0.0,1.0,6.123233995736766e-17,1,0,0
2.523461815308766,-5.7014101489451265,0.0,0.0,1.0,6.123233995736766e-17,1,0,0
2.52354266522871,-5.699455024133077,0.0,0.0,1.0,6.123233995736766e-17,1,0,0
2.5236213747085956,-5.697499694323846,0.0,0.0,1.0,6.123233995736766e-17,1,0,0
2.523697951766933,-5.695544153524862,0.0,0.0,1.0,6.123233995736766e-17,1,0,0
2.523772404390766,-5.6935883957817826,0.0,0.0,1.0,6.123233995736766e-17,1,0,0
2.523844740535658,-5.691632415178493,0.0,0.0,1.0,6.123233995736766e-17,1,0,0
2.5239149681257746,-5.6896762058370305,0.0,0.0,1.0,6.123233995736766e-17,1,0,0
2.523983095053891,-5.68771976191755,0.0,0.0,1.0,6.123233995736766e-17,1,0,0
2.5240491291813894,-5.685763077618256,0.0,0.0,1.0,6.123233995736766e-17,1,0,0
2.524113078338358,-5.683806147175398,0.0,0.0,1.0,6.123233995736766e-17,1,0,0
2.524174950323602,-5.681848964863169,0.0,0.0,1.0,6.123233995736766e-17,1,0,0
2.5242347529046243,-5.6798915249937085,0.0,0.0,1.0,6.123233995736766e-17,1,0,0
2.524292493817749,-5.6779338219170254,0.0,0.0,1.0,6.123233995736766e-17,1,0,0
2.52434818076807,-5.675975850020948,0.0,0.0,1.0,6.123233995736766e-17,1,0,0
2.5244018214295254,-5.674017603731108,0.0,0.0,1.0,6.123233995736766e-17,1,0,0
2.524453423444953,-5.672059077510854,0.0,0.0,1.0,6.123233995736766e-17,1,0,0
2.524502994426046,-5.670100265861244,0.0,0.0,1.0,6.123233995736766e-17,1,0,0
2.524550541953467,-5.668141163320955,0.0,0.0,1.0,6.123233995736766e-17,1,0,0
2.524596073576843,-5.666181764466279,0.0,0.0,1.0,6.123233995736766e-17,1,0,0
2.524639596814785,-5.664222063911056,0.0,0.0,1.0,6.123233995736766e-17,1,0,0
2.5246811191549483,-5.6622620563066,0.0,0.0,1.0,6.123233995736766e-17,1,0,0
2.524720648054062,-5.6603017363417205,0.0,0.0,1.0,6.123233995736766e-17,1,0,0
2.5247581909379337,-5.658341098742601,0.0,0.0,1.0,6.123233995736766e-17,1,0,0
2.5247937552015056,-5.656380138272796,0.0,0.0,1.0,6.123233995736766e-17,1,0,0
2.524827348208916,-5.654418849733181,0.0,0.0,1.0,6.123233995736766e-17,1,0,0
2.5248589772934493,-5.652457227961876,0.0,0.0,1.0,6.123233995736766e-17,1,0,0
2.524888649757654,-5.650495267834246,0.0,0.0,1.0,6.123233995736766e-17,1,0,0
2.5249163728733097,-5.648532964262823,0.0,0.0,1.0,6.123233995736766e-17,1,0,0
2.524942153881539,-5.646570312197236,0.0,0.0,1.0,6.123233995736766e-17,1,0,0
2.5249659999927365,-5.6446073066242315,0.0,0.0,1.0,6.123233995736766e-17,1,0,0
2.524987918386683,-5.642643942567553,0.0,0.0,1.0,6.123233995736766e-17,1,0,0
2.5250079162125316,-5.640680215087953,0.0,0.0,1.0,6.123233995736766e-17,1,0,0
2.5250260005889045,-5.638716119283103,0.0,0.0,1.0,6.123233995736766e-17,1,0,0
2.5250421786038233,-5.636751650287576,0.0,0.0,1.0,6.123233995736766e-17,1,0,0
2.525056457314839,-5.634786803272784,0.0,0.0,1.0,6.123233995736766e-17,1,0,0
2.525068843748992,-5.632821573446933,0.0,0.0,1.0,6.123233995736766e-17,1,0,0
2.5250793449029207,-5.6308559560549725,0.0,0.0,1.0,6.123233995736766e-17,1,0,0
2.525087967742799,-5.628889946378569,0.0,0.0,1.0,6.123233995736766e-17,1,0,0
2.525094719204454,-5.62692353973603,0.0,0.0,1.0,6.123233995736766e-17,1,0,0
2.525099606193351,-5.624956731482269,0.0,0.0,1.0,6.123233995736766e-17,1,0,0
2.525102635584657,-5.622989517008764,0.0,0.0,1.0,6.123233995736766e-17,1,0,0
2.52510381422323,-5.6210218917435215,0.0,0.0,1.0,6.123233995736766e-17,1,0,0
2.5251031489236913,-5.619053851150989,0.0,0.0,1.0,6.123233995736766e-17,1,0,0
2.525100646470444,-5.61708539073205,0.0,0.0,1.0,6.123233995736766e-17,1,0,0
2.5250963136177136,-5.615116506023951,0.0,0.0,1.0,6.123233995736766e-17,1,0,0
2.525090157089542,-5.613147192600266,0.0,0.0,1.0,6.123233995736766e-17,1,0,0
2.5250821835799035,-5.61117744607086,0.0,0.0,1.0,6.123233995736766e-17,1,0,0
2.5250723997526365,-5.609207262081804,0.0,0.0,1.0,6.123233995736766e-17,1,0,0
2.5250608122415374,-5.607236636315379,0.0,0.0,1.0,6.123233995736766e-17,1,0,0
2.525047427650398,-5.605265564489988,0.0,0.0,1.0,6.123233995736766e-17,1,0,0
2.525032252552995,-5.603294042360127,0.0,0.0,1.0,6.123233995736766e-17,1,0,0
2.5250152934931616,-5.601322065716338,0.0,0.0,1.0,6.123233995736766e-17,1,0,0
2.524996556984791,-5.599349630385144,0.0,0.0,1.0,6.123233995736766e-17,1,0,0
2.524976049511929,-5.59737673222905,0.0,0.0,1.0,6.123233995736766e-17,1,0,0
2.524953777528701,-5.595403367146429,0.0,0.0,1.0,6.123233995736766e-17,1,0,0
2.524929747459446,-5.593429531071527,0.0,0.0,1.0,6.123233995736766e-17,1,0,0
2.5249039656986874,-5.591455219974394,0.0,0.0,1.0,6.123233995736766e-17,1,0,0
2.524876438611193,-5.589480429860841,0.0,0.0,1.0,6.123233995736766e-17,1,0,0
2.5248471725320263,-5.587505156772386,0.0,0.0,1.0,6.123233995736766e-17,1,0,0
2.5248161737664954,-5.5855293967862325,0.0,0.0,1.0,6.123233995736766e-17,1,0,0
2.524783448590311,-5.583553146015179,0.0,0.0,1.0,6.123233995736766e-17,1,0,0
2.524749003249485,-5.58157640060761,0.0,0.0,1.0,6.123233995736766e-17,1,0,0
2.5247128439604998,-5.579599156747442,0.0,0.0,1.0,6.123233995736766e-17,1,0,0
2.5246749769102133,-5.577621410654056,0.0,0.0,1.0,6.123233995736766e-17,1,0,0
2.5246354082559823,-5.575643158582274,0.0,0.0,1.0,6.123233995736766e-17,1,0,0
2.5245941441256403,-5.573664396822296,0.0,0.0,1.0,6.123233995736766e-17,1,0,0
2.524551190617575,-5.571685121699671,0.0,0.0,1.0,6.123233995736766e-17,1,0,0
2.5245065538007183,-5.56970532957523,0.0,0.0,1.0,6.123233995736766e-17,1,0,0
2.5244602397146183,-5.567725016845038,0.0,0.0,1.0,6.123233995736766e-17,1,0,0
2.5244122543694227,-5.565744179940377,0.0,0.0,1.0,6.123233995736766e-17,1,0,0
2.524362603745961,-5.563762815327662,0.0,0.0,1.0,6.123233995736766e-17,1,0,0
2.52431129379576,-5.561780919508426,0.0,0.0,1.0,6.123233995736766e-17,1,0,0
2.524258330441056,-5.559798489019234,0.0,0.0,1.0,6.123233995736766e-17,1,0,0
2.5242037195748552,-5.557815520431687,0.0,0.0,1.0,6.123233995736766e-17,1,0,0
2.5241474670609643,-5.5558320103523195,0.0,0.0,1.0,6.123233995736766e-17,1,0,0
2.5240895787339794,-5.553847955422612,0.0,0.0,1.0,6.123233995736766e-17,1,0,0
2.5240300603993986,-5.551863352318881,0.0,0.0,1.0,6.123233995736766e-17,1,0,0
2.523968917833566,-5.549878197752276,0.0,0.0,1.0,6.123233995736766e-17,1,0,0
2.5239061567837946,-5.547892488468728,0.0,0.0,1.0,6.123233995736766e-17,1,0,0
2.5238417829683115,-5.545906221248877,0.0,0.0,1.0,6.123233995736766e-17,1,0,0
2.5237758020763406,-5.543919392908061,0.0,0.0,1.0,6.123233995736766e-17,1,0,0
2.523708219768135,-5.541932000296229,0.0,0.0,1.0,6.123233995736766e-17,1,0,0
2.523639041674999,-5.539944040297933,0.0,0.0,1.0,6.123233995736766e-17,1,0,0
2.5235682733993094,-5.537955509832257,0.0,0.0,1.0,6.123233995736766e-17,1,0,0
2.523495920514561,-5.53596640585278,0.0,0.0,1.0,6.123233995736766e-17,1,0,0
2.5234219885654148,-5.533976725347507,0.0,0.0,1.0,6.123233995736766e-17,1,0,0
2.523346483067706,-5.531986465338857,0.0,0.0,1.0,6.123233995736766e-17,1,0,0
2.5232694095084773,-5.5299956228836065,0.0,0.0,1.0,6.123233995736766e-17,1,0,0
2.5231907733460135,-5.5280041950728105,0.0,0.0,1.0,6.123233995736766e-17,1,0,0
2.523110580009916,-5.526012179031787,0.0,0.0,1.0,6.123233995736766e-17,1,0,0
2.523028834901042,-5.5240195719200855,0.0,0.0,1.0,6.123233995736766e-17,1,0,0
2.5229455433916463,-5.5220263709313855,0.0,0.0,1.0,6.123233995736766e-17,1,0,0
2.5228607108253223,-5.5200325732935,0.0,0.0,1.0,6.123233995736766e-17,1,0,0
2.5227743425171014,-5.518038176268302,0.0,0.0,1.0,6.123233995736766e-17,1,0,0
2.5226864437534426,-5.516043177151694,0.0,0.0,1.0,6.123233995736766e-17,1,0,0
2.522597019792285,-5.514047573273538,0.0,0.0,1.0,6.123233995736766e-17,1,0,0
2.5225060758630677,-5.512051361997634,0.0,0.0,1.0,6.123233995736766e-17,1,0,0
2.5224136171667935,-5.510054540721661,0.0,0.0,1.0,6.123233995736766e-17,1,0,0
2.522319648875992,-5.5080571068771205,0.0,0.0,1.0,6.123233995736766e-17,1,0,0
2.5222241761348663,-5.506059057929307,0.0,0.0,1.0,6.123233995736766e-17,1,0,0
2.5221272040591867,-5.504060391377262,0.0,0.0,1.0,6.123233995736766e-17,1,0,0
2.5220287377364436,-5.5020611047536985,0.0,0.0,1.0,6.123233995736766e-17,1,0,0
2.5219287822257996,-5.500061195624982,0.0,0.0,1.0,6.123233995736766e-17,1,0,0
2.521827342558183,-5.498060661591091,0.0,0.0,1.0,6.123233995736766e-17,1,0,0
2.52172442373627,-5.496059500285522,0.0,0.0,1.0,6.123233995736766e-17,1,0,0
2.521620030734536,-5.494057709375306,0.0,0.0,1.0,6.123233995736766e-17,1,0,0
2.5215141684993014,-5.492055286560917,0.0,0.0,1.0,6.123233995736766e-17,1,0,0
2.5214068419487323,-5.490052229576237,0.0,0.0,1.0,6.123233995736766e-17,1,0,0
2.521298055972934,-5.488048536188505,0.0,0.0,1.0,6.123233995736766e-17,1,0,0
2.5211878154339087,-5.486044204198292,0.0,0.0,1.0,6.123233995736766e-17,1,0,0
2.5210761251656155,-5.484039231439416,0.0,0.0,1.0,6.123233995736766e-17,1,0,0
2.5209629899740476,-5.482033615778932,0.0,0.0,1.0,6.123233995736766e-17,1,0,0
2.520848414637176,-5.480027355117062,0.0,0.0,1.0,6.123233995736766e-17,1,0,0
2.5207324039050936,-5.478020447387161,0.0,0.0,1.0,6.123233995736766e-17,1,0,0
2.520614962499933,-5.476012890555653,0.0,0.0,1.0,6.123233995736766e-17,1,0,0
2.520496095115983,-5.474004682622005,0.0,0.0,1.0,6.123233995736766e-17,1,0,0
2.5203758064196817,-5.4719958216186635,0.0,0.0,1.0,6.123233995736766e-17,1,0,0
2.520254101049669,-5.46998630561102,0.0,0.0,1.0,6.123233995736766e-17,1,0,0
2.520130983616784,-5.467976132697354,0.0,0.0,1.0,6.123233995736766e-17,1,0,0
2.5200064587041626,-5.465965301008776,0.0,0.0,1.0,6.123233995736766e-17,1,0,0
2.5198805308671943,-5.463953808709221,0.0,0.0,1.0,6.123233995736766e-17,1,0,0
2.5197532046335995,-5.4619416539953605,0.0,0.0,1.0,6.123233995736766e-17,1,0,0
2.5196244845034537,-5.45992883509657,0.0,0.0,1.0,6.123233995736766e-17,1,0,0
2.5194943749492404,-5.457915350274876,0.0,0.0,1.0,6.123233995736766e-17,1,0,0
2.519362880415837,-5.455901197824925,0.0,0.0,1.0,6.123233995736766e-17,1,0,0
2.519230005320571,-5.4538863760739265,0.0,0.0,1.0,6.123233995736766e-17,1,0,0
2.5190957540532724,-5.4518708833815905,0.0,0.0,1.0,6.123233995736766e-17,1,0,0
2.51896013097629,-5.449854718140117,0.0,0.0,1.0,6.123233995736766e-17,1,0,0
2.518823140424496,-5.447837878774106,0.0,0.0,1.0,6.123233995736766e-17,1,0,0
2.518684786705368,-5.4458203637405385,0.0,0.0,1.0,6.123233995736766e-17,1,0,0
2.5185450740989905,-5.443802171528732,0.0,0.0,1.0,6.123233995736766e-17,1,0,0
2.518404006858108,-5.441783300660284,0.0,0.0,1.0,6.123233995736766e-17,1,0,0
2.51826158920812,-5.43976374968901,0.0,0.0,1.0,6.123233995736766e-17,1,0,0
2.518117825347167,-5.437743517200923,0.0,0.0,1.0,6.123233995736766e-17,1,0,0
2.5179727194461052,-5.435722601814177,0.0,0.0,1.0,6.123233995736766e-17,1,0,0
2.5178262756486016,-5.433701002179007,0.0,0.0,1.0,6.123233995736766e-17,1,0,0
2.517678498071106,-5.4316787169777125,0.0,0.0,1.0,6.123233995736766e-17,1,0,0
2.517529390802921,-5.429655744924567,0.0,0.0,1.0,6.123233995736766e-17,1,0,0
2.5173789579062267,-5.427632084765814,0.0,0.0,1.0,6.123233995736766e-17,1,0,0
2.517227203416117,-5.425607735279592,0.0,0.0,1.0,6.123233995736766e-17,1,0,0
2.517074131340598,-5.423582695275903,0.0,0.0,1.0,6.123233995736766e-17,1,0,0
2.5169197456606924,-5.421556963596546,0.0,0.0,1.0,6.123233995736766e-17,1,0,0
2.516764050330403,-5.419530539115098,0.0,0.0,1.0,6.123233995736766e-17,1,0,0
2.516607049276755,-5.417503420736843,0.0,0.0,1.0,6.123233995736766e-17,1,0,0
2.516448746399878,-5.415475607398739,0.0,0.0,1.0,6.123233995736766e-17,1,0,0
2.516289145572997,-5.413447098069355,0.0,0.0,1.0,6.123233995736766e-17,1,0,0
2.5161282506424443,-5.4114178917488545,0.0,0.0,1.0,6.123233995736766e-17,1,0,0
2.515966065427762,-5.409387987468906,0.0,0.0,1.0,6.123233995736766e-17,1,0,0
2.5158025937216726,-5.407357384292674,0.0,0.0,1.0,6.123233995736766e-17,1,0,0
2.515637839290119,-5.405326081314753,0.0,0.0,1.0,6.123233995736766e-17,1,0,0
2.515471805872331,-5.403294077661125,0.0,0.0,1.0,6.123233995736766e-17,1,0,0
2.5153044971808485,-5.401261372489103,0.0,0.0,1.0,6.123233995736766e-17,1,0,0
2.515135916901505,-5.399227964987305,0.0,0.0,1.0,6.123233995736766e-17,1,0,0
2.5149660686935182,-5.397193854375591,0.0,0.0,1.0,6.123233995736766e-17,1,0,0
2.51479495618951,-5.395159039905013,0.0,0.0,1.0,6.123233995736766e-17,1,0,0
2.51462258299552,-5.393123520857778,0.0,0.0,1.0,6.123233995736766e-17,1,0,0
2.5144489526910605,-5.391087296547203,0.0,0.0,1.0,6.123233995736766e-17,1,0,0
2.5142740688291214,-5.389050366317656,0.0,0.0,1.0,6.123233995736766e-17,1,0,0
2.5140979349362147,-5.387012729544519,0.0,0.0,1.0,6.123233995736766e-17,1,0,0
2.51392055451246,-5.384974385634132,0.0,0.0,1.0,6.123233995736766e-17,1,0,0
2.513741931031504,-5.382935334023749,0.0,0.0,1.0,6.123233995736766e-17,1,0,0
2.513562067940663,-5.380895574181512,0.0,0.0,1.0,6.123233995736766e-17,1,0,0
2.513380968660891,-5.378855105606361,0.0,0.0,1.0,6.123233995736766e-17,1,0,0
2.5131986365868295,-5.3768139278280325,0.0,0.0,1.0,6.123233995736766e-17,1,0,0
2.513015075086855,-5.374772040406966,0.0,0.0,1.0,6.123233995736766e-17,1,0,0
2.512830287503081,-5.372729442934321,0.0,0.0,1.0,6.123233995736766e-17,1,0,0
2.51264427715144,-5.370686135031838,0.0,0.0,1.0,6.123233995736766e-17,1,0,0
2.5124570473216377,-5.368642116351896,0.0,0.0,1.0,6.123233995736766e-17,1,0,0
2.5122686012772766,-5.366597386577374,0.0,0.0,1.0,6.123233995736766e-17,1,0,0
2.5120789422558247,-5.364551945421674,0.0,0.0,1.0,6.123233995736766e-17,1,0,0
2.5118880734686533,-5.362505792628635,0.0,0.0,1.0,6.123233995736766e-17,1,0,0
2.5116959981011044,-5.360458927972479,0.0,0.0,1.0,6.123233995736766e-17,1,0,0
2.511502719312496,-5.358411351257795,0.0,0.0,1.0,6.123233995736766e-17,1,0,0
2.5113082402361715,-5.356363062319482,0.0,0.0,1.0,6.123233995736766e-17,1,0,0
2.5111125639794922,-5.354314061022685,0.0,0.0,1.0,6.123233995736766e-17,1,0,0
2.5109156936239327,-5.352264347262756,0.0,0.0,1.0,6.123233995736766e-17,1,0,0
2.5107176322250755,-5.3502139209652295,0.0,0.0,1.0,6.123233995736766e-17,1,0,0
2.510518382812628,-5.348162782085735,0.0,0.0,1.0,6.123233995736766e-17,1,0,0
2.5103179483904747,-5.346110930609989,0.0,0.0,1.0,6.123233995736766e-17,1,0,0
2.5101163319367625,-5.344058366553724,0.0,0.0,1.0,6.123233995736766e-17,1,0,0
2.509913536403793,-5.342005089962645,0.0,0.0,1.0,6.123233995736766e-17,1,0,0
2.509709564718227,-5.339951100912388,0.0,0.0,1.0,6.123233995736766e-17,1,0,0
2.5095044197810017,-5.337896399508476,0.0,0.0,1.0,6.123233995736766e-17,1,0,0
2.5092981044673737,-5.335840985886253,0.0,0.0,1.0,6.123233995736766e-17,1,0,0
2.5090906216269993,-5.333784860210867,0.0,0.0,1.0,6.123233995736766e-17,1,0,0
2.5088819740839408,-5.331728022677188,0.0,0.0,1.0,6.123233995736766e-17,1,0,0
2.5086721646366748,-5.3296704735098,0.0,0.0,1.0,6.123233995736766e-17,1,0,0
2.50846119605818,-5.3276122129629195,0.0,0.0,1.0,6.123233995736766e-17,1,0,0
2.508249071095931,-5.325553241320361,0.0,0.0,1.0,6.123233995736766e-17,1,0,0
2.508035792471911,-5.323493558895506,0.0,0.0,1.0,6.123233995736766e-17,1,0,0
2.507821362882708,-5.321433166031213,0.0,0.0,1.0,6.123233995736766e-17,1,0,0
2.5076057849994813,-5.31937206309984,0.0,0.0,1.0,6.123233995736766e-17,1,0,0
2.5073890614680545,-5.31731025050312,0.0,0.0,1.0,6.123233995736766e-17,1,0,0
2.507171194908905,-5.315247728672159,0.0,0.0,1.0,6.123233995736766e-17,1,0,0
2.50695218791719,-5.313184498067394,0.0,0.0,1.0,6.123233995736766e-17,1,0,0
2.5067320430628133,-5.311120559178515,0.0,0.0,1.0,6.123233995736766e-17,1,0,0
2.506510762890455,-5.309055912524449,0.0,0.0,1.0,6.123233995736766e-17,1,0,0
2.506288349919583,-5.306990558653287,0.0,0.0,1.0,6.123233995736766e-17,1,0,0
2.506064806644483,-5.304924498142254,0.0,0.0,1.0,6.123233995736766e-17,1,0,0
2.5058401355343167,-5.302857731597671,0.0,0.0,1.0,6.123233995736766e-17,1,0,0
2.50561433903313,-5.300790259654853,0.0,0.0,1.0,6.123233995736766e-17,1,0,0
2.505387419559895,-5.2987220829781565,0.0,0.0,1.0,6.123233995736766e-17,1,0,0
2.505159379508563,-5.296653202260832,0.0,0.0,1.0,6.123233995736766e-17,1,0,0
2.5049302212480518,-5.294583618225061,0.0,0.0,1.0,6.123233995736766e-17,1,0,0
2.504699947122333,-5.292513331621841,0.0,0.0,1.0,6.123233995736766e-17,1,0,0
2.5044685594503875,-5.29044234323099,0.0,0.0,1.0,6.123233995736766e-17,1,0,0
2.5042360605263374,-5.288370653861071,0.0,0.0,1.0,6.123233995736766e-17,1,0,0
2.504002452619408,-5.286298264349349,0.0,0.0,1.0,6.123233995736766e-17,1,0,0
2.503767737973956,-5.28422517556176,0.0,0.0,1.0,6.123233995736766e-17,1,0,0
2.503531918809575,-5.282151388392835,0.0,0.0,1.0,6.123233995736766e-17,1,0,0
2.503294997321023,-5.280076903765684,0.0,0.0,1.0,6.123233995736766e-17,1,0,0
2.5030569756783465,-5.278001722631931,0.0,0.0,1.0,6.123233995736766e-17,1,0,0
2.502817856026877,-5.275925845971662,0.0,0.0,1.0,6.123233995736766e-17,1,0,0
2.502577640487246,-5.27384927479339,0.0,0.0,1.0,6.123233995736766e-17,1,0,0
2.5023363311554485,-5.271772010134003,0.0,0.0,1.0,6.123233995736766e-17,1,0,0
2.502093930102847,-5.269694053058738,0.0,0.0,1.0,6.123233995736766e-17,1,0,0
2.5018504393762346,-5.267615404661092,0.0,0.0,1.0,6.123233995736766e-17,1,0,0
2.5016058609978615,-5.265536066062798,0.0,0.0,1.0,6.123233995736766e-17,1,0,0
2.501360196965427,-5.263456038413788,0.0,0.0,1.0,6.123233995736766e-17,1,0,0
2.5011134492521725,-5.261375322892126,0.0,0.0,1.0,6.123233995736766e-17,1,0,0
2.500865619806855,-5.2592939207039855,0.0,0.0,1.0,6.123233995736766e-17,1,0,0
2.5006167105538544,-5.257211833083559,0.0,0.0,1.0,6.123233995736766e-17,1,0,0
2.500366723393109,-5.255129061293071,0.0,0.0,1.0,6.123233995736766e-17,1,0,0
2.5001156602002412,-5.253045606622672,0.0,0.0,1.0,6.123233995736766e-17,1,0,0
2.4998635228265336,-5.250961470390441,0.0,0.0,1.0,6.123233995736766e-17,1,0,0
2.499610313098972,-5.248876653942311,0.0,0.0,1.0,6.123233995736766e-17,1,0,0
2.499356032820301,-5.246791158652003,0.0,0.0,1.0,6.123233995736766e-17,1,0,0
2.499100683769,-5.244704985921037,0.0,0.0,1.0,6.123233995736766e-17,1,0,0
2.4988442676994165,-5.24261813717862,0.0,0.0,1.0,6.123233995736766e-17,1,0,0
2.498586786341675,-5.240530613881667,0.0,0.0,1.0,6.123233995736766e-17,1,0,0
2.498328241401808,-5.238442417514677,0.0,0.0,1.0,6.123233995736766e-17,1,0,0
2.498068634561736,-5.236353549589757,0.0,0.0,1.0,6.123233995736766e-17,1,0,0
2.4978079674793254,-5.234264011646526,0.0,0.0,1.0,6.123233995736766e-17,1,0,0
2.4975462417884136,-5.23217380525209,0.0,0.0,1.0,6.123233995736766e-17,1,0,0
2.4972834590988127,-5.230082932000994,0.0,0.0,1.0,6.123233995736766e-17,1,0,0
2.4970196209964066,-5.227991393515161,0.0,0.0,1.0,6.123233995736766e-17,1,0,0
2.496754729043129,-5.225899191443878,0.0,0.0,1.0,6.123233995736766e-17,1,0,0
2.4964887847770005,-5.223806327463698,0.0,0.0,1.0,6.123233995736766e-17,1,0,0
2.496221789712185,-5.221712803278439,0.0,0.0,1.0,6.123233995736766e-17,1,0,0
2.495953745339022,-5.219618620619131,0.0,0.0,1.0,6.123233995736766e-17,1,0,0
2.4956846531240378,-5.217523781243921,0.0,0.0,1.0,6.123233995736766e-17,1,0,0
2.495414514509972,-5.2154282869380975,0.0,0.0,1.0,6.123233995736766e-17,1,0,0
2.4951433309158495,-5.213332139513998,0.0,0.0,1.0,6.123233995736766e-17,1,0,0
2.4948711037369744,-5.211235340810958,0.0,0.0,1.0,6.123233995736766e-17,1,0,0
2.49459783434499,-5.209137892695296,0.0,0.0,1.0,6.123233995736766e-17,1,0,0
2.494323524087898,-5.207039797060257,0.0,0.0,1.0,6.123233995736766e-17,1,0,0
2.494048174290077,-5.204941055825918,0.0,0.0,1.0,6.123233995736766e-17,1,0,0
2.493771786252351,-5.202841670939218,0.0,0.0,1.0,6.123233995736766e-17,1,0,0
2.493494361251986,-5.200741644373856,0.0,0.0,1.0,6.123233995736766e-17,1,0,0
2.4932159005427543,-5.198640978130276,0.0,0.0,1.0,6.123233995736766e-17,1,0,0
2.4929364053549157,-5.196539674235589,0.0,0.0,1.0,6.123233995736766e-17,1,0,0
2.49265587689534,-5.194437734743545,0.0,0.0,1.0,6.123233995736766e-17,1,0,0
2.492374316347425,-5.192335161734487,0.0,0.0,1.0,6.123233995736766e-17,1,0,0
2.4920917248712406,-5.190231957315306,0.0,0.0,1.0,6.123233995736766e-17,1,0,0
2.4918081036034803,-5.188128123619373,0.0,0.0,1.0,6.123233995736766e-17,1,0,0
2.491523453657522,-5.186023662806516,0.0,0.0,1.0,6.123233995736766e-17,1,0,0
2.4912377761234636,-5.183918577062972,0.0,0.0,1.0,6.123233995736766e-17,1,0,0
2.4909510720681762,-5.181812868601311,0.0,0.0,1.0,6.123233995736766e-17,1,0,0
2.490663342535271,-5.179706539660431,0.0,0.0,1.0,6.123233995736766e-17,1,0,0
2.490374588545228,-5.177599592505476,0.0,0.0,1.0,6.123233995736766e-17,1,0,0
2.4900848110953295,-5.175492029427808,0.0,0.0,1.0,6.123233995736766e-17,1,0,0
2.489794011159746,-5.173383852744958,0.0,0.0,1.0,6.123233995736766e-17,1,0,0
2.489502189689593,-5.1712750648005645,0.0,0.0,1.0,6.123233995736766e-17,1,0,0
2.4892093476129022,-5.169165667964357,0.0,0.0,1.0,6.123233995736766e-17,1,0,0
2.488915485834686,-5.16705566463207,0.0,0.0,1.0,6.123233995736766e-17,1,0,0
2.488620605236973,-5.16494505722542,0.0,0.0,1.0,6.123233995736766e-17,1,0,0
2.488324706678828,-5.162833848192064,0.0,0.0,1.0,6.123233995736766e-17,1,0,0
2.4880277909964206,-5.160722040005542,0.0,0.0,1.0,6.123233995736766e-17,1,0,0
2.4877298590029904,-5.158609635165206,0.0,0.0,1.0,6.123233995736766e-17,1,0,0
2.487430911488938,-5.156496636196231,0.0,0.0,1.0,6.123233995736766e-17,1,0,0
2.4871309492218265,-5.154383045649519,0.0,0.0,1.0,6.123233995736766e-17,1,0,0
2.4868299729464503,-5.152268866101665,0.0,0.0,1.0,6.123233995736766e-17,1,0,0
2.4865279833848075,-5.150154100154916,0.0,0.0,1.0,6.123233995736766e-17,1,0,0
2.4862249812362016,-5.14803875043711,0.0,0.0,1.0,6.123233995736766e-17,1,0,0
2.4859209671772216,-5.145922819601673,0.0,0.0,1.0,6.123233995736766e-17,1,0,0
2.4856159418617825,-5.143806310327496,0.0,0.0,1.0,6.123233995736766e-17,1,0,0
2.485309905921201,-5.141689225318946,0.0,0.0,1.0,6.123233995736766e-17,1,0,0
2.485002859964148,-5.139571567305815,0.0,0.0,1.0,6.123233995736766e-17,1,0,0
2.48469480457679,-5.1374533390432555,0.0,0.0,1.0,6.123233995736766e-17,1,0,0
2.4843857403226886,-5.135334543311724,0.0,0.0,1.0,6.123233995736766e-17,1,0,0
2.484075667742984,-5.1332151829169685,0.0,0.0,1.0,6.123233995736766e-17,1,0,0
2.4837645873562795,-5.131095260689953,0.0,0.0,1.0,6.123233995736766e-17,1,0,0
2.4834524996587763,-5.128974779486827,0.0,0.0,1.0,6.123233995736766e-17,1,0,0
2.48313940512427,-5.126853742188843,0.0,0.0,1.0,6.123233995736766e-17,1,0,0
2.4828253042041744,-5.124732151702387,0.0,0.0,1.0,6.123233995736766e-17,1,0,0
2.4825101973275974,-5.122610010958836,0.0,0.0,1.0,6.123233995736766e-17,1,0,0
2.4821940849012885,-5.1204873229145855,0.0,0.0,1.0,6.123233995736766e-17,1,0,0
2.4818769673097587,-5.118364090550959,0.0,0.0,1.0,6.123233995736766e-17,1,0,0
2.48155884491529,-5.116240316874175,0.0,0.0,1.0,6.123233995736766e-17,1,0,0
2.481239718057933,-5.114116004915323,0.0,0.0,1.0,6.123233995736766e-17,1,0,0
2.4809195870555563,-5.111991157730261,0.0,0.0,1.0,6.123233995736766e-17,1,0,0
2.48059845220392,-5.109865778399623,0.0,0.0,1.0,6.123233995736766e-17,1,0,0
2.4802763137766584,-5.10773987002875,0.0,0.0,1.0,6.123233995736766e-17,1,0,0
2.479953172025302,-5.105613435747633,0.0,0.0,1.0,6.123233995736766e-17,1,0,0
2.479629027179372,-5.1034864787108845,0.0,0.0,1.0,6.123233995736766e-17,1,0,0
2.4793038794463693,-5.101359002097689,0.0,0.0,1.0,6.123233995736766e-17,1,0,0
2.47897772901181,-5.099231009111736,0.0,0.0,1.0,6.123233995736766e-17,1,0,0
2.478650576039253,-5.097102502981197,0.0,0.0,1.0,6.123233995736766e-17,1,0,0
2.478322420670356,-5.094973486958671,0.0,0.0,1.0,6.123233995736766e-17,1,0,0
2.4779932630249037,-5.092843964321129,0.0,0.0,1.0,6.123233995736766e-17,1,0,0
2.4776631032008027,-5.0907139383698725,0.0,0.0,1.0,6.123233995736766e-17,1,0,0
2.477331941274177,-5.088583412430498,0.0,0.0,1.0,6.123233995736766e-17,1,0,0
2.476999777299338,-5.086452389852831,0.0,0.0,1.0,6.123233995736766e-17,1,0,0
2.476666611308856,-5.084320874010891,0.0,0.0,1.0,6.123233995736766e-17,1,0,0
2.4763324433135834,-5.082188868302829,0.0,0.0,1.0,6.123233995736766e-17,1,0,0
2.475997273302689,-5.0800563761509085,0.0,0.0,1.0,6.123233995736766e-17,1,0,0
2.475661101243683,-5.077923401001436,0.0,0.0,1.0,6.123233995736766e-17,1,0,0
2.475323927082452,-5.075789946324716,0.0,0.0,1.0,6.123233995736766e-17,1,0,0
2.4749857507432957,-5.073656015615018,0.0,0.0,1.0,6.123233995736766e-17,1,0,0
2.4746465721289628,-5.0715216123905025,0.0,0.0,1.0,6.123233995736766e-17,1,0,0
2.4743063911206695,-5.069386740193211,0.0,0.0,1.0,6.123233995736766e-17,1,0,0
2.473965207578151,-5.067251402588988,0.0,0.0,1.0,6.123233995736766e-17,1,0,0
2.4736230213396624,-5.065115603167447,0.0,0.0,1.0,6.123233995736766e-17,1,0,0
2.4732798322220613,-5.06297934554192,0.0,0.0,1.0,6.123233995736766e-17,1,0,0
2.472935640020794,-5.0608426333494085,0.0,0.0,1.0,6.123233995736766e-17,1,0,0
2.472590444509948,-5.0587054702505565,0.0,0.0,1.0,6.123233995736766e-17,1,0,0
2.472244245442295,-5.05656785992957,0.0,0.0,1.0,6.123233995736766e-17,1,0,0
2.4718970425492914,-5.054429806094186,0.0,0.0,1.0,6.123233995736766e-17,1,0,0
2.4715488355411384,-5.0522913124756395,0.0,0.0,1.0,6.123233995736766e-17,1,0,0
2.4711996241068155,-5.050152382828589,0.0,0.0,1.0,6.123233995736766e-17,1,0,0
2.4708494079140824,-5.0480130209311,0.0,0.0,1.0,6.123233995736766e-17,1,0,0
2.4704981866095594,-5.045873230584567,0.0,0.0,1.0,6.123233995736766e-17,1,0,0
2.470145959818707,-5.043733015613682,0.0,0.0,1.0,6.123233995736766e-17,1,0,0
2.4697927271459093,-5.041592379866398,0.0,0.0,1.0,6.123233995736766e-17,1,0,0
2.469438488174472,-5.039451327213864,0.0,0.0,1.0,6.123233995736766e-17,1,0,0
2.469083242466671,-5.037309861550382,0.0,0.0,1.0,6.123233995736766e-17,1,0,0
2.46872698956376,-5.03516798679336,0.0,0.0,1.0,6.123233995736766e-17,1,0,0
2.468369728986044,-5.033025706883283,0.0,0.0,1.0,6.123233995736766e-17,1,0,0
2.4680114602328866,-5.0308830257836235,0.0,0.0,1.0,6.123233995736766e-17,1,0,0
2.4676521827827456,-5.028739947480854,0.0,0.0,1.0,6.123233995736766e-17,1,0,0
2.4672918960931773,-5.026596475984342,0.0,0.0,1.0,6.123233995736766e-17,1,0,0
2.466930599600955,-5.024452615326345,0.0,0.0,1.0,6.123233995736766e-17,1,0,0
2.4665682927219983,-5.02230836956193,0.0,0.0,1.0,6.123233995736766e-17,1,0,0
2.466204974851478,-5.020163742768955,0.0,0.0,1.0,6.123233995736766e-17,1,0,0
2.4658406453637998,-5.01801873904801,0.0,0.0,1.0,6.123233995736766e-17,1,0,0
2.465475303612668,-5.015873362522367,0.0,0.0,1.0,6.123233995736766e-17,1,0,0
2.465108948931132,-5.013727617337936,0.0,0.0,1.0,6.123233995736766e-17,1,0,0
2.4647415806315665,-5.01158150766322,0.0,0.0,1.0,6.123233995736766e-17,1,0,0
2.4643731980057444,-5.0094350376892605,0.0,0.0,1.0,6.123233995736766e-17,1,0,0
2.464003800324862,-5.00728821162961,0.0,0.0,1.0,6.123233995736766e-17,1,0,0
2.463633386839567,-5.005141033720251,0.0,0.0,1.0,6.123233995736766e-17,1,0,0
2.463261956779991,-5.002993508219592,0.0,0.0,1.0,6.123233995736766e-17,1,0,0
2.462889509355788,-5.0008456394083725,0.0,0.0,1.0,6.123233995736766e-17,1,0,0
2.4625160437561537,-4.998697431589668,0.0,0.0,1.0,6.123233995736766e-17,1,0,0
2.462141559149898,-4.996548889088785,0.0,0.0,1.0,6.123233995736766e-17,1,0,0
2.4617660546853912,-4.994400016253275,0.0,0.0,1.0,6.123233995736766e-17,1,0,0
2.4613895294907,-4.992250817452832,0.0,0.0,1.0,6.123233995736766e-17,1,0,0
2.4610119826735475,-4.990101297079294,0.0,0.0,1.0,6.123233995736766e-17,1,0,0
2.460633413321379,-4.987951459546554,0.0,0.0,1.0,6.123233995736766e-17,1,0,0
2.460253820501394,-4.98580130929054,0.0,0.0,1.0,6.123233995736766e-17,1,0,0
2.459873203260547,-4.983650850769164,0.0,0.0,1.0,6.123233995736766e-17,1,0,0
2.459491560625635,-4.981500088462257,0.0,0.0,1.0,6.123233995736766e-17,1,0,0
2.4591088916032717,-4.9793490268715415,0.0,0.0,1.0,6.123233995736766e-17,1,0,0
2.458725195179962,-4.9771976705205985,0.0,0.0,1.0,6.123233995736766e-17,1,0,0
2.4583404703221214,-4.97504602395476,0.0,0.0,1.0,6.123233995736766e-17,1,0,0
2.457954715976085,-4.972894091741144,0.0,0.0,1.0,6.123233995736766e-17,1,0,0
2.4575679310681875,-4.970741878468538,0.0,0.0,1.0,6.123233995736766e-17,1,0,0
2.457180114504763,-4.968589388747393,0.0,0.0,1.0,6.123233995736766e-17,1,0,0
2.456791265172175,-4.966436627209759,0.0,0.0,1.0,6.123233995736766e-17,1,0,0
2.456401381936881,-4.96428359850924,0.0,0.0,1.0,6.123233995736766e-17,1,0,0
2.4560104636454145,-4.962130307320961,0.0,0.0,1.0,6.123233995736766e-17,1,0,0
2.455618509124459,-4.959976758341491,0.0,0.0,1.0,6.123233995736766e-17,1,0,0
2.455225517180876,-4.957822956288824,0.0,0.0,1.0,6.123233995736766e-17,1,0,0
2.4548314866017247,-4.955668905902325,0.0,0.0,1.0,6.123233995736766e-17,1,0,0
2.4544364161542758,-4.953514611942691,0.0,0.0,1.0,6.123233995736766e-17,1,0,0
2.4540403045861074,-4.951360079191854,0.0,0.0,1.0,6.123233995736766e-17,1,0,0
2.453643150625064,-4.949205312453018,0.0,0.0,1.0,6.123233995736766e-17,1,0,0
2.453244952979338,-4.94705031655054,0.0,0.0,1.0,6.123233995736766e-17,1,0,0
2.4528457103374897,-4.944895096329919,0.0,0.0,1.0,6.123233995736766e-17,1,0,0
2.4524454213684566,-4.942739656657745,0.0,0.0,1.0,6.123233995736766e-17,1,0,0
2.452044084721632,-4.940584002421633,0.0,0.0,1.0,6.123233995736766e-17,1,0,0
2.4516416990268657,-4.938428138530196,0.0,0.0,1.0,6.123233995736766e-17,1,0,0
2.4512382628944733,-4.936272069912995,0.0,0.0,1.0,6.123233995736766e-17,1,0,0
2.450833774915336,-4.934115801520504,0.0,0.0,1.0,6.123233995736766e-17,1,0,0
2.4504282336608814,-4.93195933832401,0.0,0.0,1.0,6.123233995736766e-17,1,0,0
2.45002163768313,-4.929802685315632,0.0,0.0,1.0,6.123233995736766e-17,1,0,0
2.449613985514723,-4.927645847508244,0.0,0.0,1.0,6.123233995736766e-17,1,0,0
2.4492052756689713,-4.925488829935415,0.0,0.0,1.0,6.123233995736766e-17,1,0,0
2.448795506639847,-4.9233316376513985,0.0,0.0,1.0,6.123233995736766e-17,1,0,0
2.4483846769020867,-4.921174275731042,0.0,0.0,1.0,6.123233995736766e-17,1,0,0
2.4479727849111574,-4.919016749269779,0.0,0.0,1.0,6.123233995736766e-17,1,0,0
2.4475598291033096,-4.916859063383551,0.0,0.0,1.0,6.123233995736766e-17,1,0,0
2.4471458078956343,-4.914701223208779,0.0,0.0,1.0,6.123233995736766e-17,1,0,0
2.4467307196860673,-4.912543233902322,0.0,0.0,1.0,6.123233995736766e-17,1,0,0
2.4463145628534195,-4.910385100641399,0.0,0.0,1.0,6.123233995736766e-17,1,0,0
2.4458973357574276,-4.9082268286235795,0.0,0.0,1.0,6.123233995736766e-17,1,0,0
2.4454790367387917,-4.906068423066712,0.0,0.0,1.0,6.123233995736766e-17,1,0,0
2.4450596641191735,-4.9039098892088875,0.0,0.0,1.0,6.123233995736766e-17,1,0,0
2.444639216201272,-4.901751232308384,0.0,0.0,1.0,6.123233995736766e-17,1,0,0
2.4442176912688156,-4.899592457643631,0.0,0.0,1.0,6.123233995736766e-17,1,0,0
2.4437950875866186,-4.897433570513149,0.0,0.0,1.0,6.123233995736766e-17,1,0,0
2.4433714034006337,-4.895274576235528,0.0,0.0,1.0,6.123233995736766e-17,1,0,0
2.44294663693792,-4.893115480149334,0.0,0.0,1.0,6.123233995736766e-17,1,0,0
2.4425207864067287,-4.890956287613113,0.0,0.0,1.0,6.123233995736766e-17,1,0,0
2.4420938499965543,-4.888797004005305,0.0,0.0,1.0,6.123233995736766e-17,1,0,0
2.4416658258780917,-4.88663763472423,0.0,0.0,1.0,6.123233995736766e-17,1,0,0
2.441236712203338,-4.88447818518801,0.0,0.0,1.0,6.123233995736766e-17,1,0,0
2.4408065071055813,-4.882318660834544,0.0,0.0,1.0,6.123233995736766e-17,1,0,0
2.4403752086994657,-4.880159067121455,0.0,0.0,1.0,6.123233995736766e-17,1,0,0
2.439942815081014,-4.877999409526028,0.0,0.0,1.0,6.123233995736766e-17,1,0,0
2.4395093243276413,-4.875839693545187,0.0,0.0,1.0,6.123233995736766e-17,1,0,0
2.439074734498202,-4.873679924695434,0.0,0.0,1.0,6.123233995736766e-17,1,0,0
2.4386390436330503,-4.871520108512806,0.0,0.0,1.0,6.123233995736766e-17,1,0,0
2.438202249753995,-4.869360250552824,0.0,0.0,1.0,6.123233995736766e-17,1,0,0
2.437764350864433,-4.867200356390454,0.0,0.0,1.0,6.123233995736766e-17,1,0,0
2.4373253449492913,-4.865040431620048,0.0,0.0,1.0,6.123233995736766e-17,1,0,0
2.4368852299751254,-4.862880481855309,0.0,0.0,1.0,6.123233995736766e-17,1,0,0
2.4364440038901156,-4.860720512729234,0.0,0.0,1.0,6.123233995736766e-17,1,0,0
2.4360016646241065,-4.858560529894079,0.0,0.0,1.0,6.123233995736766e-17,1,0,0
2.4355582100886477,-4.856400539021304,0.0,0.0,1.0,6.123233995736766e-17,1,0,0
2.435113638177016,-4.854240545801514,0.0,0.0,1.0,6.123233995736766e-17,1,0,0
2.4346679467642676,-4.852080555944431,0.0,0.0,1.0,6.123233995736766e-17,1,0,0
2.43422113370724,-4.849920575178855,0.0,0.0,1.0,6.123233995736766e-17,1,0,0
2.4337731968445984,-4.847760609252582,0.0,0.0,1.0,6.123233995736766e-17,1,0,0
2.433324133996884,-4.845600663932387,0.0,0.0,1.0,6.123233995736766e-17,1,0,0
2.432873942966529,-4.843440745003965,0.0,0.0,1.0,6.123233995736766e-17,1,0,0
2.4324226215378943,-4.841280858271895,0.0,0.0,1.0,6.123233995736766e-17,1,0,0
2.431970167477293,-4.839121009559568,0.0,0.0,1.0,6.123233995736766e-17,1,0,0
2.431516578533044,-4.83696120470917,0.0,0.0,1.0,6.123233995736766e-17,1,0,0
2.4310618524354846,-4.834801449581612,0.0,0.0,1.0,6.123233995736766e-17,1,0,0
2.4306059868970062,-4.8326417500565055,0.0,0.0,1.0,6.123233995736766e-17,1,0,0
2.4301489796121016,-4.830482112032089,0.0,0.0,1.0,6.123233995736766e-17,1,0,0
2.4296908282573706,-4.8283225414251945,0.0,0.0,1.0,6.123233995736766e-17,1,0,0
2.4292315304915832,-4.8261630441712065,0.0,0.0,1.0,6.123233995736766e-17,1,0,0
2.428771083955699,-4.82400362622401,0.0,0.0,1.0,6.123233995736766e-17,1,0,0
2.4283094862728807,-4.821844293555937,0.0,0.0,1.0,6.123233995736766e-17,1,0,0
2.4278467350485697,-4.819685052157723,0.0,0.0,1.0,6.123233995736766e-17,1,0,0
2.4273828278704723,-4.817525908038471,0.0,0.0,1.0,6.123233995736766e-17,1,0,0
2.426917762308622,-4.8153668672255865,0.0,0.0,1.0,6.123233995736766e-17,1,0,0
2.4264515359153966,-4.813207935764739,0.0,0.0,1.0,6.123233995736766e-17,1,0,0
2.425984146225578,-4.811049119719813,0.0,0.0,1.0,6.123233995736766e-17,1,0,0
2.42551559075634,-4.808890425172871,0.0,0.0,1.0,6.123233995736766e-17,1,0,0
2.425045867007308,-4.806731858224098,0.0,0.0,1.0,6.123233995736766e-17,1,0,0
2.4245749724606154,-4.804573424991743,0.0,0.0,1.0,6.123233995736766e-17,1,0,0
2.4241029045808666,-4.8024151316121,0.0,0.0,1.0,6.123233995736766e-17,1,0,0
2.4236296608152577,-4.800256984239433,0.0,0.0,1.0,6.123233995736766e-17,1,0,0
2.423155238593536,-4.798098989045942,0.0,0.0,1.0,6.123233995736766e-17,1,0,0
2.4226796353280555,-4.79594115222172,0.0,0.0,1.0,6.123233995736766e-17,1,0,0
2.422202848413837,-4.793783479974689,0.0,0.0,1.0,6.123233995736766e-17,1,0,0
2.421724875228568,-4.791625978530586,0.0,0.0,1.0,6.123233995736766e-17,1,0,0
2.4212457131326315,-4.789468654132871,0.0,0.0,1.0,6.123233995736766e-17,1,0,0
2.420765359469173,-4.787311513042718,0.0,0.0,1.0,6.123233995736766e-17,1,0,0
2.4202838115641008,-4.7851545615389535,0.0,0.0,1.0,6.123233995736766e-17,1,0,0
2.419801066726134,-4.782997805918003,0.0,0.0,1.0,6.123233995736766e-17,1,0,0
2.4193171222468424,-4.780841252493843,0.0,0.0,1.0,6.123233995736766e-17,1,0,0
2.4188319754006344,-4.778684907597988,0.0,0.0,1.0,6.123233995736766e-17,1,0,0
2.418345623444865,-4.776528777579392,0.0,0.0,1.0,6.123233995736766e-17,1,0,0
2.4178580636197955,-4.77437286880443,0.0,0.0,1.0,6.123233995736766e-17,1,0,0
2.4173692931486683,-4.7722171876568575,0.0,0.0,1.0,6.123233995736766e-17,1,0,0
2.416879309237734,-4.770061740537747,0.0,0.0,1.0,6.123233995736766e-17,1,0,0
2.4163881090762716,-4.76790653386545,0.0,0.0,1.0,6.123233995736766e-17,1,0,0
2.415895689836617,-4.765751574075539,0.0,0.0,1.0,6.123233995736766e-17,1,0,0
2.415402048674237,-4.763596867620775,0.0,0.0,1.0,6.123233995736766e-17,1,0,0
2.414907182727688,-4.761442420971061,0.0,0.0,1.0,6.123233995736766e-17,1,0,0
2.414411089118734,-4.759288240613375,0.0,0.0,1.0,6.123233995736766e-17,1,0,0
2.4139137649523095,-4.757134333051737,0.0,0.0,1.0,6.123233995736766e-17,1,0,0
2.4134152073165835,-4.754980704807177,0.0,0.0,1.0,6.123233995736766e-17,1,0,0
2.4129154132829984,-4.75282736241765,0.0,0.0,1.0,6.123233995736766e-17,1,0,0
2.412414379906286,-4.7506743124380275,0.0,0.0,1.0,6.123233995736766e-17,1,0,0
2.4119121042244993,-4.748521561440026,0.0,0.0,1.0,6.123233995736766e-17,1,0,0
2.4114085832590617,-4.74636911601217,0.0,0.0,1.0,6.123233995736766e-17,1,0,0
2.410903814014786,-4.744216982759746,0.0,0.0,1.0,6.123233995736766e-17,1,0,0
2.4103977934799103,-4.742065168304743,0.0,0.0,1.0,6.123233995736766e-17,1,0,0
2.4098905186261383,-4.739913679285829,0.0,0.0,1.0,6.123233995736766e-17,1,0,0
2.409381986408645,-4.7377625223582704,0.0,0.0,1.0,6.123233995736766e-17,1,0,0
2.4088721937661473,-4.7356117041939285,0.0,0.0,1.0,6.123233995736766e-17,1,0,0
2.408361137620914,-4.733461231481165,0.0,0.0,1.0,6.123233995736766e-17,1,0,0
2.407848814878804,-4.7313111109248265,0.0,0.0,1.0,6.123233995736766e-17,1,0,0
2.4073352224292837,-4.729161349246201,0.0,0.0,1.0,6.123233995736766e-17,1,0,0
2.4068203571454903,-4.727011953182945,0.0,0.0,1.0,6.123233995736766e-17,1,0,0
2.4063042158842576,-4.724862929489044,0.0,0.0,1.0,6.123233995736766e-17,1,0,0
2.4057867954860694,-4.722714284934808,0.0,0.0,1.0,6.123233995736766e-17,1,0,0
2.4052680927752634,-4.720566026306738,0.0,0.0,1.0,6.123233995736766e-17,1,0,0
2.404748104559889,-4.718418160407562,0.0,0.0,1.0,6.123233995736766e-17,1,0,0
2.4042268276318284,-4.716270694056156,0.0,0.0,1.0,6.123233995736766e-17,1,0,0
2.4037042587668522,-4.714123634087457,0.0,0.0,1.0,6.123233995736766e-17,1,0,0
2.4031803947245316,-4.711976987352537,0.0,0.0,1.0,6.123233995736766e-17,1,0,0
2.402655232248413,-4.709830760718388,0.0,0.0,1.0,6.123233995736766e-17,1,0,0
2.402128768065995,-4.707684961068003,0.0,0.0,1.0,6.123233995736766e-17,1,0,0
2.401600998888689,-4.705539595300299,0.0,0.0,1.0,6.123233995736766e-17,1,0,0
2.4010719214120217,-4.703394670330006,0.0,0.0,1.0,6.123233995736766e-17,1,0,0
2.4005415323154695,-4.701250193087738,0.0,0.0,1.0,6.123233995736766e-17,1,0,0
2.400009828262627,-4.699106170519836,0.0,0.0,1.0,6.123233995736766e-17,1,0,0
2.399476805901219,-4.696962609588368,0.0,0.0,1.0,6.123233995736766e-17,1,0,0
2.39894246186304,-4.694819517271119,0.0,0.0,1.0,6.123233995736766e-17,1,0,0
2.3984067927641703,-4.692676900561429,0.0,0.0,1.0,6.123233995736766e-17,1,0,0
2.3978697952047745,-4.690534766468309,0.0,0.0,1.0,6.123233995736766e-17,1,0,0
2.397331465769351,-4.688393122016234,0.0,0.0,1.0,6.123233995736766e-17,1,0,0
2.396791801026639,-4.686251974245198,0.0,0.0,1.0,6.123233995736766e-17,1,0,0
2.39625079752963,-4.684111330210669,0.0,0.0,1.0,6.123233995736766e-17,1,0,0
2.395708451815781,-4.681971196983421,0.0,0.0,1.0,6.123233995736766e-17,1,0,0
2.3951647604067734,-4.679831581649674,0.0,0.0,1.0,6.123233995736766e-17,1,0,0
2.3946197198087904,-4.677692491310894,0.0,0.0,1.0,6.123233995736766e-17,1,0,0
2.3940733265124208,-4.6755539330837985,0.0,0.0,1.0,6.123233995736766e-17,1,0,0
2.3935255769926758,-4.673415914100358,0.0,0.0,1.0,6.123233995736766e-17,1,0,0
2.39297646770919,-4.671278441507618,0.0,0.0,1.0,6.123233995736766e-17,1,0,0
2.3924259951059708,-4.669141522467847,0.0,0.0,1.0,6.123233995736766e-17,1,0,0
2.3918741556117125,-4.667005164158285,0.0,0.0,1.0,6.123233995736766e-17,1,0,0
2.391320945639666,-4.664869373771222,0.0,0.0,1.0,6.123233995736766e-17,1,0,0
2.390766361587673,-4.662734158513959,0.0,0.0,1.0,6.123233995736766e-17,1,0,0
2.3902103998383364,-4.6605995256086405,0.0,0.0,1.0,6.123233995736766e-17,1,0,0
2.3896530567588505,-4.658465482292375,0.0,0.0,1.0,6.123233995736766e-17,1,0,0
2.389094328701198,-4.656332035817037,0.0,0.0,1.0,6.123233995736766e-17,1,0,0
2.388534212002123,-4.654199193449308,0.0,0.0,1.0,6.123233995736766e-17,1,0,0
2.3879727029830966,-4.65206696247064,0.0,0.0,1.0,6.123233995736766e-17,1,0,0
2.387409797950536,-4.649935350177081,0.0,0.0,1.0,6.123233995736766e-17,1,0,0
2.3868454931956,-4.647804363879427,0.0,0.0,1.0,6.123233995736766e-17,1,0,0
2.3862797849943913,-4.645674010903001,0.0,0.0,1.0,6.123233995736766e-17,1,0,0
2.3857126696079596,-4.643544298587701,0.0,0.0,1.0,6.123233995736766e-17,1,0,0
2.3851441432822242,-4.641415234287937,0.0,0.0,1.0,6.123233995736766e-17,1,0,0
2.3845742022482073,-4.639286825372528,0.0,0.0,1.0,6.123233995736766e-17,1,0,0
2.384002842721884,-4.637159079224746,0.0,0.0,1.0,6.123233995736766e-17,1,0,0
2.3834300609042693,-4.63503200324221,0.0,0.0,1.0,6.123233995736766e-17,1,0,0
2.382855852981523,-4.6329056048368304,0.0,0.0,1.0,6.123233995736766e-17,1,0,0
2.382280215124838,-4.630779891434839,0.0,0.0,1.0,6.123233995736766e-17,1,0,0
2.3817031434906877,-4.628654870476605,0.0,0.0,1.0,6.123233995736766e-17,1,0,0
2.3811246342205865,-4.626530549416737,0.0,0.0,1.0,6.123233995736766e-17,1,0,0
2.380544683441376,-4.624406935723936,0.0,0.0,1.0,6.123233995736766e-17,1,0,0
2.379963287265083,-4.622284036880994,0.0,0.0,1.0,6.123233995736766e-17,1,0,0
2.379380441789026,-4.6201618603847425,0.0,0.0,1.0,6.123233995736766e-17,1,0,0
2.3787961430958804,-4.618040413745957,0.0,0.0,1.0,6.123233995736766e-17,1,0,0
2.3782103872536076,-4.615919704489402,0.0,0.0,1.0,6.123233995736766e-17,1,0,0
2.377623170315598,-4.61379974015369,0.0,0.0,1.0,6.123233995736766e-17,1,0,0
2.377034488320625,-4.611680528291291,0.0,0.0,1.0,6.123233995736766e-17,1,0,0
2.376444337292892,-4.6095620764684995,0.0,0.0,1.0,6.123233995736766e-17,1,0,0
2.3758527132421476,-4.607444392265298,0.0,0.0,1.0,6.123233995736766e-17,1,0,0
2.375259612163571,-4.605327483275421,0.0,0.0,1.0,6.123233995736766e-17,1,0,0
2.374665030037928,-4.603211357106236,0.0,0.0,1.0,6.123233995736766e-17,1,0,0
2.3740689628315566,-4.601096021378718,0.0,0.0,1.0,6.123233995736766e-17,1,0,0
2.3734714064963627,-4.598981483727435,0.0,0.0,1.0,6.123233995736766e-17,1,0,0
2.372872356969974,-4.5968677518003895,0.0,0.0,1.0,6.123233995736766e-17,1,0,0
2.3722718101755995,-4.5947548332591515,0.0,0.0,1.0,6.123233995736766e-17,1,0,0
2.3716697620222114,-4.592642735778624,0.0,0.0,1.0,6.123233995736766e-17,1,0,0
2.3710662084045118,-4.590531467047132,0.0,0.0,1.0,6.123233995736766e-17,1,0,0
2.3704611452029125,-4.588421034766338,0.0,0.0,1.0,6.123233995736766e-17,1,0,0
2.3698545682837544,-4.5863114466511,0.0,0.0,1.0,6.123233995736766e-17,1,0,0
2.3692464734990923,-4.584202710429617,0.0,0.0,1.0,6.123233995736766e-17,1,0,0
2.368636856686905,-4.5820948338431915,0.0,0.0,1.0,6.123233995736766e-17,1,0,0
2.368025713671062,-4.579987824646291,0.0,0.0,1.0,6.123233995736766e-17,1,0,0
2.36741304026135,-4.577881690606503,0.0,0.0,1.0,6.123233995736766e-17,1,0,0
2.3667988322535694,-4.575776439504385,0.0,0.0,1.0,6.123233995736766e-17,1,0,0
2.3661830854294643,-4.573672079133563,0.0,0.0,1.0,6.123233995736766e-17,1,0,0
2.365565795556821,-4.571568617300582,0.0,0.0,1.0,6.123233995736766e-17,1,0,0
2.3649469583895457,-4.569466061824855,0.0,0.0,1.0,6.123233995736766e-17,1,0,0
2.364326569667527,-4.56736442053875,0.0,0.0,1.0,6.123233995736766e-17,1,0,0
2.363704625116908,-4.565263701287314,0.0,0.0,1.0,6.123233995736766e-17,1,0,0
2.363081120449903,-4.563163911928452,0.0,0.0,1.0,6.123233995736766e-17,1,0,0
2.362456051364942,-4.561065060332756,0.0,0.0,1.0,6.123233995736766e-17,1,0,0
2.3618294135467424,-4.558967154383431,0.0,0.0,1.0,6.123233995736766e-17,1,0,0
2.3612012026661415,-4.556870201976417,0.0,0.0,1.0,6.123233995736766e-17,1,0,0
2.360571414380443,-4.554774211020107,0.0,0.0,1.0,6.123233995736766e-17,1,0,0
2.3599400443331318,-4.552679189435492,0.0,0.0,1.0,6.123233995736766e-17,1,0,0
2.3593070881540963,-4.550585145156023,0.0,0.0,1.0,6.123233995736766e-17,1,0,0
2.3586725414596796,-4.548492086127553,0.0,0.0,1.0,6.123233995736766e-17,1,0,0
2.3580363998525002,-4.5464000203084,0.0,0.0,1.0,6.123233995736766e-17,1,0,0
2.3573986589217992,-4.544308955669117,0.0,0.0,1.0,6.123233995736766e-17,1,0,0
2.356759314243163,-4.542218900192625,0.0,0.0,1.0,6.123233995736766e-17,1,0,0
2.3561183613787797,-4.540129861874058,0.0,0.0,1.0,6.123233995736766e-17,1,0,0
2.3554757958773878,-4.538041848720724,0.0,0.0,1.0,6.123233995736766e-17,1,0,0
2.3548316132742246,-4.535954868752156,0.0,0.0,1.0,6.123233995736766e-17,1,0,0
2.3541858090912826,-4.533868929999887,0.0,0.0,1.0,6.123233995736766e-17,1,0,0
2.3535383788370807,-4.531784040507589,0.0,0.0,1.0,6.123233995736766e-17,1,0,0
2.352889318006865,-4.529700208330905,0.0,0.0,1.0,6.123233995736766e-17,1,0,0
2.3522386220826546,-4.527617441537417,0.0,0.0,1.0,6.123233995736766e-17,1,0,0
2.3515862865330717,-4.5255357482067105,0.0,0.0,1.0,6.123233995736766e-17,1,0,0
2.3509323068136756,-4.523455136430115,0.0,0.0,1.0,6.123233995736766e-17,1,0,0
2.3502766783667464,-4.52137561431088,0.0,0.0,1.0,6.123233995736766e-17,1,0,0
2.349619396621417,-4.519297189963988,0.0,0.0,1.0,6.123233995736766e-17,1,0,0
2.3489604569937605,-4.5172198715161125,0.0,0.0,1.0,6.123233995736766e-17,1,0,0
2.348299854886635,-4.515143667105701,0.0,0.0,1.0,6.123233995736766e-17,1,0,0
2.347637585689981,-4.513068584882734,0.0,0.0,1.0,6.123233995736766e-17,1,0,0
2.346973644780614,-4.510994633008839,0.0,0.0,1.0,6.123233995736766e-17,1,0,0
2.3463080275223955,-4.508921819657152,0.0,0.0,1.0,6.123233995736766e-17,1,0,0
2.3456407292662624,-4.506850153012295,0.0,0.0,1.0,6.123233995736766e-17,1,0,0
2.3449717453501426,-4.50477964127038,0.0,0.0,1.0,6.123233995736766e-17,1,0,0
2.3443010710991263,-4.5027102926388665,0.0,0.0,1.0,6.123233995736766e-17,1,0,0
2.343628701825446,-4.500642115336577,0.0,0.0,1.0,6.123233995736766e-17,1,0,0
2.342954632828442,-4.498575117593665,0.0,0.0,1.0,6.123233995736766e-17,1,0,0
2.3422788593947743,-4.496509307651471,0.0,0.0,1.0,6.123233995736766e-17,1,0,0
2.341601376798183,-4.494444693762635,0.0,0.0,1.0,6.123233995736766e-17,1,0,0
2.340922180299831,-4.492381284190884,0.0,0.0,1.0,6.123233995736766e-17,1,0,0
2.3402412651480695,-4.490319087211099,0.0,0.0,1.0,6.123233995736766e-17,1,0,0
2.3395586265786377,-4.488258111109225,0.0,0.0,1.0,6.123233995736766e-17,1,0,0
2.338874259814643,-4.486198364182195,0.0,0.0,1.0,6.123233995736766e-17,1,0,0
2.3381881600665304,-4.484139854737972,0.0,0.0,1.0,6.123233995736766e-17,1,0,0
2.3375003225322653,-4.482082591095399,0.0,0.0,1.0,6.123233995736766e-17,1,0,0
2.336810742397204,-4.480026581584215,0.0,0.0,1.0,6.123233995736766e-17,1,0,0
2.3361194148342297,-4.477971834545002,0.0,0.0,1.0,6.123233995736766e-17,1,0,0
2.3354263350037887,-4.475918358329082,0.0,0.0,1.0,6.123233995736766e-17,1,0,0
2.3347314980537908,-4.473866161298595,0.0,0.0,1.0,6.123233995736766e-17,1,0,0
2.33403489911984,-4.471815251826304,0.0,0.0,1.0,6.123233995736766e-17,1,0,0
2.333336533325119,-4.469765638295635,0.0,0.0,1.0,6.123233995736766e-17,1,0,0
2.332636395780457,-4.467717329100623,0.0,0.0,1.0,6.123233995736766e-17,1,0,0
2.3319344815844323,-4.465670332645833,0.0,0.0,1.0,6.123233995736766e-17,1,0,0
2.3312307858232644,-4.463624657346372,0.0,0.0,1.0,6.123233995736766e-17,1,0,0
2.330525303571002,-4.4615803116277535,0.0,0.0,1.0,6.123233995736766e-17,1,0,0
2.3298180298894438,-4.459537303925933,0.0,0.0,1.0,6.123233995736766e-17,1,0,0
2.3291089598282197,-4.457495642687224,0.0,0.0,1.0,6.123233995736766e-17,1,0,0
2.3283980884248376,-4.455455336368228,0.0,0.0,1.0,6.123233995736766e-17,1,0,0
2.3276854107046367,-4.453416393435864,0.0,0.0,1.0,6.123233995736766e-17,1,0,0
2.326970921680924,-4.451378822367225,0.0,0.0,1.0,6.123233995736766e-17,1,0,0
2.3262546163549382,-4.449342631649609,0.0,0.0,1.0,6.123233995736766e-17,1,0,0
2.3255364897159088,-4.447307829780432,0.0,0.0,1.0,6.123233995736766e-17,1,0,0
2.3248165367411047,-4.445274425267159,0.0,0.0,1.0,6.123233995736766e-17,1,0,0
2.324094752395764,-4.443242426627356,0.0,0.0,1.0,6.123233995736766e-17,1,0,0
2.323371131633323,-4.441211842388506,0.0,0.0,1.0,6.123233995736766e-17,1,0,0
2.3226456693952344,-4.4391826810880675,0.0,0.0,1.0,6.123233995736766e-17,1,0,0
2.321918360611128,-4.437154951273403,0.0,0.0,1.0,6.123233995736766e-17,1,0,0
2.321189200198883,-4.435128661501659,0.0,0.0,1.0,6.123233995736766e-17,1,0,0
2.3204581830644595,-4.433103820339857,0.0,0.0,1.0,6.123233995736766e-17,1,0,0
2.319725304102169,-4.431080436364716,0.0,0.0,1.0,6.123233995736766e-17,1,0,0
2.318990558194561,-4.42905851816267,0.0,0.0,1.0,6.123233995736766e-17,1,0,0
2.3182539402124824,-4.427038074329838,0.0,0.0,1.0,6.123233995736766e-17,1,0,0
2.3175154450151756,-4.425019113471883,0.0,0.0,1.0,6.123233995736766e-17,1,0,0
2.316775067450171,-4.423001644204127,0.0,0.0,1.0,6.123233995736766e-17,1,0,0
2.3160328023534924,-4.420985675151318,0.0,0.0,1.0,6.123233995736766e-17,1,0,0
2.3152886445495735,-4.418971214947699,0.0,0.0,1.0,6.123233995736766e-17,1,0,0
2.314542588851273,-4.416958272236984,0.0,0.0,1.0,6.123233995736766e-17,1,0,0
2.3137946300600576,-4.414946855672173,0.0,0.0,1.0,6.123233995736766e-17,1,0,0
2.31304476296582,-4.41293697391568,0.0,0.0,1.0,6.123233995736766e-17,1,0,0
2.3122929823471,-4.410928635639139,0.0,0.0,1.0,6.123233995736766e-17,1,0,0
2.311539282971034,-4.408921849523433,0.0,0.0,1.0,6.123233995736766e-17,1,0,0
2.3107836595933255,-4.4069166242586695,0.0,0.0,1.0,6.123233995736766e-17,1,0,0
2.3100261069584573,-4.404912968544018,0.0,0.0,1.0,6.123233995736766e-17,1,0,0
2.309266619799507,-4.402910891087821,0.0,0.0,1.0,6.123233995736766e-17,1,0,0
2.3085051928383518,-4.400910400607407,0.0,0.0,1.0,6.123233995736766e-17,1,0,0
2.307741820785628,-4.398911505829128,0.0,0.0,1.0,6.123233995736766e-17,1,0,0
2.306976498340709,-4.396914215488313,0.0,0.0,1.0,6.123233995736766e-17,1,0,0
2.3062092201919184,-4.394918538329109,0.0,0.0,1.0,6.123233995736766e-17,1,0,0
2.305439981016298,-4.39292448310464,0.0,0.0,1.0,6.123233995736766e-17,1,0,0
2.3046687754799144,-4.390932058576738,0.0,0.0,1.0,6.123233995736766e-17,1,0,0
2.303895598237694,-4.38894127351604,0.0,0.0,1.0,6.123233995736766e-17,1,0,0
2.303120443933513,-4.386952136701929,0.0,0.0,1.0,6.123233995736766e-17,1,0,0
2.3023433072003145,-4.384964656922375,0.0,0.0,1.0,6.123233995736766e-17,1,0,0
2.30156418265999,-4.382978842974051,0.0,0.0,1.0,6.123233995736766e-17,1,0,0
2.300783064923525,-4.380994703662165,0.0,0.0,1.0,6.123233995736766e-17,1,0,0
2.2999999485910028,-4.379012247800449,0.0,0.0,1.0,6.123233995736766e-17,1,0,0
2.2992148282515883,-4.377031484211164,0.0,0.0,1.0,6.123233995736766e-17,1,0,0
2.2984276984836876,-4.375052421724922,0.0,0.0,1.0,6.123233995736766e-17,1,0,0
2.297638553854807,-4.373075069180789,0.0,0.0,1.0,6.123233995736766e-17,1,0,0
2.296847388921724,-4.3710994354261565,0.0,0.0,1.0,6.123233995736766e-17,1,0,0
2.2960541982304705,-4.369125529316676,0.0,0.0,1.0,6.123233995736766e-17,1,0,0
2.29525897631631,-4.367153359716303,0.0,0.0,1.0,6.123233995736766e-17,1,0,0
2.2944617177039186,-4.3651829354971285,0.0,0.0,1.0,6.123233995736766e-17,1,0,0
2.293662416907249,-4.363214265539445,0.0,0.0,1.0,6.123233995736766e-17,1,0,0
2.292861068429668,-4.361247358731615,0.0,0.0,1.0,6.123233995736766e-17,1,0,0
2.2920576667639687,-4.359282223970074,0.0,0.0,1.0,6.123233995736766e-17,1,0,0
2.291252206392332,-4.357318870159294,0.0,0.0,1.0,6.123233995736766e-17,1,0,0
2.290444681786542,-4.355357306211633,0.0,0.0,1.0,6.123233995736766e-17,1,0,0
2.289635087407775,-4.353397541047452,0.0,0.0,1.0,6.123233995736766e-17,1,0,0
2.288823417706821,-4.351439583594935,0.0,0.0,1.0,6.123233995736766e-17,1,0,0
2.2880096671240455,-4.349483442790087,0.0,0.0,1.0,6.123233995736766e-17,1,0,0
2.287193830089371,-4.347529127576729,0.0,0.0,1.0,6.123233995736766e-17,1,0,0
2.2863759010224745,-4.345576646906338,0.0,0.0,1.0,6.123233995736766e-17,1,0,0
2.285555874332597,-4.343626009738145,0.0,0.0,1.0,6.123233995736766e-17,1,0,0
2.284733744418761,-4.341677225038973,0.0,0.0,1.0,6.123233995736766e-17,1,0,0
2.283909505669702,-4.339730301783235,0.0,0.0,1.0,6.123233995736766e-17,1,0,0
2.2830831524639255,-4.337785248952924,0.0,0.0,1.0,6.123233995736766e-17,1,0,0
2.282254679169785,-4.33584207553745,0.0,0.0,1.0,6.123233995736766e-17,1,0,0
2.28142408014543,-4.333900790533746,0.0,0.0,1.0,6.123233995736766e-17,1,0,0
2.2805913497389096,-4.33196140294609,0.0,0.0,1.0,6.123233995736766e-17,1,0,0
2.279756482288161,-4.330023921786145,0.0,0.0,1.0,6.123233995736766e-17,1,0,0
2.278919472121055,-4.328088356072879,0.0,0.0,1.0,6.123233995736766e-17,1,0,0
2.278080313555476,-4.326154714832475,0.0,0.0,1.0,6.123233995736766e-17,1,0,0
2.277239000899261,-4.324223007098374,0.0,0.0,1.0,6.123233995736766e-17,1,0,0
2.2763955284503004,-4.3222932419111695,0.0,0.0,1.0,6.123233995736766e-17,1,0,0
2.2755498904965883,-4.3203654283185475,0.0,0.0,1.0,6.123233995736766e-17,1,0,0
2.274702081316125,-4.318439575375321,0.0,0.0,1.0,6.123233995736766e-17,1,0,0
2.2738520951771712,-4.3165156921432395,0.0,0.0,1.0,6.123233995736766e-17,1,0,0
2.2729999263380547,-4.314593787691107,0.0,0.0,1.0,6.123233995736766e-17,1,0,0
2.2721455690473493,-4.312673871094621,0.0,0.0,1.0,6.123233995736766e-17,1,0,0
2.2712890175438676,-4.310755951436336,0.0,0.0,1.0,6.123233995736766e-17,1,0,0
2.270430266056594,-4.308840037805721,0.0,0.0,1.0,6.123233995736766e-17,1,0,0
2.2695693088049675,-4.306926139298931,0.0,0.0,1.0,6.123233995736766e-17,1,0,0
2.268706139998614,-4.305014265018942,0.0,0.0,1.0,6.123233995736766e-17,1,0,0
2.2678407538375946,-4.303104424075392,0.0,0.0,1.0,6.123233995736766e-17,1,0,0
2.2669731445123733,-4.301196625584527,0.0,0.0,1.0,6.123233995736766e-17,1,0,0
2.2661033062037417,-4.299290878669301,0.0,0.0,1.0,6.123233995736766e-17,1,0,0
2.2652312330831057,-4.297387192459085,0.0,0.0,1.0,6.123233995736766e-17,1,0,0
2.264356919312232,-4.295485576089848,0.0,0.0,1.0,6.123233995736766e-17,1,0,0
2.2634803590434607,-4.293586038704002,0.0,0.0,1.0,6.123233995736766e-17,1,0,0
2.2626015464197193,-4.2916885894503265,0.0,0.0,1.0,6.123233995736766e-17,1,0,0
2.26172047557444,-4.289793237484043,0.0,0.0,1.0,6.123233995736766e-17,1,0,0
2.2608371406317906,-4.287899991966598,0.0,0.0,1.0,6.123233995736766e-17,1,0,0
2.2599515357064863,-4.28600886206578,0.0,0.0,1.0,6.123233995736766e-17,1,0,0
2.2590636549039984,-4.284119856955572,0.0,0.0,1.0,6.123233995736766e-17,1,0,0
2.2581734923205152,-4.282232985816115,0.0,0.0,1.0,6.123233995736766e-17,1,0,0
2.2572810420428935,-4.280348257833744,0.0,0.0,1.0,6.123233995736766e-17,1,0,0
2.2563862981489105,-4.278465682200782,0.0,0.0,1.0,6.123233995736766e-17,1,0,0
2.255489254707047,-4.27658526811567,0.0,0.0,1.0,6.123233995736766e-17,1,0,0
2.2545899057766836,-4.274707024782798,0.0,0.0,1.0,6.123233995736766e-17,1,0,0
2.2536882454081084,-4.272830961412475,0.0,0.0,1.0,6.123233995736766e-17,1,0,0
2.2527842676424212,-4.270957087220981,0.0,0.0,1.0,6.123233995736766e-17,1,0,0
2.2518779665118207,-4.269085411430342,0.0,0.0,1.0,6.123233995736766e-17,1,0,0
2.250969336039351,-4.267215943268472,0.0,0.0,1.0,6.123233995736766e-17,1,0,0
2.250058370239134,-4.265348691968989,0.0,0.0,1.0,6.123233995736766e-17,1,0,0
2.2491450631163636,-4.2634836667712035,0.0,0.0,1.0,6.123233995736766e-17,1,0,0
2.2482294086672145,-4.261620876920155,0.0,0.0,1.0,6.123233995736766e-17,1,0,0
2.247311400879083,-4.259760331666416,0.0,0.0,1.0,6.123233995736766e-17,1,0,0
2.2463910337304176,-4.257902040266169,0.0,0.0,1.0,6.123233995736766e-17,1,0,0
2.245468301190899,-4.256046011981105,0.0,0.0,1.0,6.123233995736766e-17,1,0,0
2.244543197221424,-4.254192256078348,0.0,0.0,1.0,6.123233995736766e-17,1,0,0
2.2436157157740615,-4.252340781830536,0.0,0.0,1.0,6.123233995736766e-17,1,0,0
2.242685850792219,-4.25049159851558,0.0,0.0,1.0,6.123233995736766e-17,1,0,0
2.241753596210585,-4.248644715416789,0.0,0.0,1.0,6.123233995736766e-17,1,0,0
2.240818945955186,-4.246800141822734,0.0,0.0,1.0,6.123233995736766e-17,1,0,0
2.2398818939434535,-4.2449578870271925,0.0,0.0,1.0,6.123233995736766e-17,1,0,0
2.2389424340841284,-4.243117960329197,0.0,0.0,1.0,6.123233995736766e-17,1,0,0
2.238000560277507,-4.24128037103286,0.0,0.0,1.0,6.123233995736766e-17,1,0,0
2.2370562664152716,-4.2394451284474135,0.0,0.0,1.0,6.123233995736766e-17,1,0,0
2.236109546380638,-4.237612241887142,0.0,0.0,1.0,6.123233995736766e-17,1,0,0
2.2351603940483775,-4.23578172067129,0.0,0.0,1.0,6.123233995736766e-17,1,0,0
2.2342088032847487,-4.233953574124126,0.0,0.0,1.0,6.123233995736766e-17,1,0,0
2.2332547679476895,-4.232127811574767,0.0,0.0,1.0,6.123233995736766e-17,1,0,0
2.2322982818867385,-4.230304442357215,0.0,0.0,1.0,6.123233995736766e-17,1,0,0
2.2313393389430947,-4.228483475810265,0.0,0.0,1.0,6.123233995736766e-17,1,0,0
2.230377932949687,-4.226664921277476,0.0,0.0,1.0,6.123233995736766e-17,1,0,0
2.2294140577311046,-4.224848788107181,0.0,0.0,1.0,6.123233995736766e-17,1,0,0
2.2284477071037627,-4.223035085652299,0.0,0.0,1.0,6.123233995736766e-17,1,0,0
2.2274788748758376,-4.221223823270439,0.0,0.0,1.0,6.123233995736766e-17,1,0,0
2.226507554847348,-4.219415010323748,0.0,0.0,1.0,6.123233995736766e-17,1,0,0
2.22553374081018,-4.217608656178902,0.0,0.0,1.0,6.123233995736766e-17,1,0,0
2.2245574265480768,-4.215804770207107,0.0,0.0,1.0,6.123233995736766e-17,1,0,0
2.2235786058367246,-4.214003361783967,0.0,0.0,1.0,6.123233995736766e-17,1,0,0
2.2225972724437755,-4.212204440289461,0.0,0.0,1.0,6.123233995736766e-17,1,0,0
2.2216134201288718,-4.21040801510794,0.0,0.0,1.0,6.123233995736766e-17,1,0,0
2.22062704264369,-4.2086140956280245,0.0,0.0,1.0,6.123233995736766e-17,1,0,0
2.219638133731898,-4.206822691242615,0.0,0.0,1.0,6.123233995736766e-17,1,0,0
2.2186466871293193,-4.205033811348787,0.0,0.0,1.0,6.123233995736766e-17,1,0,0
2.2176526965638788,-4.203247465347777,0.0,0.0,1.0,6.123233995736766e-17,1,0,0
2.216656155755629,-4.2014636626449295,0.0,0.0,1.0,6.123233995736766e-17,1,0,0
2.2156570584168738,-4.199682412649627,0.0,0.0,1.0,6.123233995736766e-17,1,0,0
2.2146553982520323,-4.197903724775308,0.0,0.0,1.0,6.123233995736766e-17,1,0,0
2.2136511689578358,-4.196127608439345,0.0,0.0,1.0,6.123233995736766e-17,1,0,0
2.2126443642233204,-4.1943540730630335,0.0,0.0,1.0,6.123233995736766e-17,1,0,0
2.211634977729789,-4.192583128071542,0.0,0.0,1.0,6.123233995736766e-17,1,0,0
2.2106230031509497,-4.190814782893854,0.0,0.0,1.0,6.123233995736766e-17,1,0,0
2.2096084341527984,-4.189049046962758,0.0,0.0,1.0,6.123233995736766e-17,1,0,0
2.208591264393826,-4.187285929714751,0.0,0.0,1.0,6.123233995736766e-17,1,0,0
2.207571487524926,-4.185525440590021,0.0,0.0,1.0,6.123233995736766e-17,1,0,0
2.206549097189507,-4.183767589032375,0.0,0.0,1.0,6.123233995736766e-17,1,0,0
2.2055240870234902,-4.182012384489211,0.0,0.0,1.0,6.123233995736766e-17,1,0,0
2.2044964506552507,-4.1802598364115235,0.0,0.0,1.0,6.123233995736766e-17,1,0,0
2.203466181705845,-4.178509954253723,0.0,0.0,1.0,6.123233995736766e-17,1,0,0
2.2024332737889027,-4.176762747473717,0.0,0.0,1.0,6.123233995736766e-17,1,0,0
2.2013977205106774,-4.1750182255328,0.0,0.0,1.0,6.123233995736766e-17,1,0,0
2.2003595154701254,-4.1732763978956084,0.0,0.0,1.0,6.123233995736766e-17,1,0,0
2.19931865225887,-4.17153727403012,0.0,0.0,1.0,6.123233995736766e-17,1,0,0
2.1982751244612966,-4.169800863407542,0.0,0.0,1.0,6.123233995736766e-17,1,0,0
2.197228925654582,-4.168067175502302,0.0,0.0,1.0,6.123233995736766e-17,1,0,0
2.1961800494086563,-4.1663362197919955,0.0,0.0,1.0,6.123233995736766e-17,1,0,0
2.1951284892863585,-4.164608005757323,0.0,0.0,1.0,6.123233995736766e-17,1,0,0
2.194074238843309,-4.162882542882095,0.0,0.0,1.0,6.123233995736766e-17,1,0,0
2.19301729162809,-4.1611598406531085,0.0,0.0,1.0,6.123233995736766e-17,1,0,0
2.1919576411822006,-4.159439908560152,0.0,0.0,1.0,6.123233995736766e-17,1,0,0
2.1908952810401034,-4.157722756095942,0.0,0.0,1.0,6.123233995736766e-17,1,0,0
2.189830204729289,-4.15600839275607,0.0,0.0,1.0,6.123233995736766e-17,1,0,0
2.188762405770207,-4.154296828038995,0.0,0.0,1.0,6.123233995736766e-17,1,0,0
2.1876918776764462,-4.152588071445942,0.0,0.0,1.0,6.123233995736766e-17,1,0,0
2.1866186139546717,-4.150882132480873,0.0,0.0,1.0,6.123233995736766e-17,1,0,0
2.1855426081046527,-4.149179020650453,0.0,0.0,1.0,6.123233995736766e-17,1,0,0
2.1844638536193566,-4.147478745463992,0.0,0.0,1.0,6.123233995736766e-17,1,0,0
2.1833823439849103,-4.145781316433422,0.0,0.0,1.0,6.123233995736766e-17,1,0,0
2.1822980726806724,-4.144086743073205,0.0,0.0,1.0,6.123233995736766e-17,1,0,0
2.1812110331793124,-4.142395034900314,0.0,0.0,1.0,6.123233995736766e-17,1,0,0
2.1801212189467103,-4.140706201434199,0.0,0.0,1.0,6.123233995736766e-17,1,0,0
2.179028623442158,-4.139020252196674,0.0,0.0,1.0,6.123233995736766e-17,1,0,0
2.177933240118215,-4.137337196712012,0.0,0.0,1.0,6.123233995736766e-17,1,0,0
2.176835062420885,-4.135657044506713,0.0,0.0,1.0,6.123233995736766e-17,1,0,0
2.1757340837896098,-4.133979805109584,0.0,0.0,1.0,6.123233995736766e-17,1,0,0
2.174630297657222,-4.1323054880516885,0.0,0.0,1.0,6.123233995736766e-17,1,0,0
2.173523697450128,-4.130634102866194,0.0,0.0,1.0,6.123233995736766e-17,1,0,0
2.1724142765881522,-4.128965659088483,0.0,0.0,1.0,6.123233995736766e-17,1,0,0
2.1713020284847677,-4.127300166255958,0.0,0.0,1.0,6.123233995736766e-17,1,0,0
2.1701869465469823,-4.125637633908082,0.0,0.0,1.0,6.123233995736766e-17,1,0,0
2.1690690241754043,-4.123978071586334,0.0,0.0,1.0,6.123233995736766e-17,1,0,0
2.167948254764353,-4.122321488834075,0.0,0.0,1.0,6.123233995736766e-17,1,0,0
2.1668246317017785,-4.120667895196627,0.0,0.0,1.0,6.123233995736766e-17,1,0,0
2.1656981483693594,-4.119017300221125,0.0,0.0,1.0,6.123233995736766e-17,1,0,0
2.1645687981425485,-4.11736971345648,0.0,0.0,1.0,6.123233995736766e-17,1,0,0
2.1634365743905155,-4.1157251444534415,0.0,0.0,1.0,6.123233995736766e-17,1,0,0
2.162301470476339,-4.114083602764367,0.0,0.0,1.0,6.123233995736766e-17,1,0,0
2.1611634797568353,-4.1124450979433576,0.0,0.0,1.0,6.123233995736766e-17,1,0,0
2.1600225955827916,-4.110809639546075,0.0,0.0,1.0,6.123233995736766e-17,1,0,0
2.1588788112988624,-4.109177237129763,0.0,0.0,1.0,6.123233995736766e-17,1,0,0
2.1577321202436104,-4.107547900253219,0.0,0.0,1.0,6.123233995736766e-17,1,0,0
2.156582515749678,-4.1059216384766275,0.0,0.0,1.0,6.123233995736766e-17,1,0,0
2.155429991143602,-4.104298461361696,0.0,0.0,1.0,6.123233995736766e-17,1,0,0
2.1542745397460275,-4.102678378471453,0.0,0.0,1.0,6.123233995736766e-17,1,0,0
2.153116154871676,-4.10106139937026,0.0,0.0,1.0,6.123233995736766e-17,1,0,0
2.1519548298293234,-4.099447533623797,0.0,0.0,1.0,6.123233995736766e-17,1,0,0
2.1507905579219257,-4.0978367907989455,0.0,0.0,1.0,6.123233995736766e-17,1,0,0
2.1496233324466067,-4.096229180463801,0.0,0.0,1.0,6.123233995736766e-17,1,0,0
2.1484531466946866,-4.094624712187585,0.0,0.0,1.0,6.123233995736766e-17,1,0,0
2.147279993951734,-4.093023395540615,0.0,0.0,1.0,6.123233995736766e-17,1,0,0
2.1461038674975543,-4.091425240094283,0.0,0.0,1.0,6.123233995736766e-17,1,0,0
2.1449247606062913,-4.089830255420962,0.0,0.0,1.0,6.123233995736766e-17,1,0,0
2.143742666546399,-4.088238451093972,0.0,0.0,1.0,6.123233995736766e-17,1,0,0
2.1425575785807123,-4.086649836687574,0.0,0.0,1.0,6.123233995736766e-17,1,0,0
2.141369489966471,-4.085064421776844,0.0,0.0,1.0,6.123233995736766e-17,1,0,0
2.1401783939553227,-4.083482215937719,0.0,0.0,1.0,6.123233995736766e-17,1,0,0
2.1389842837933823,-4.081903228746877,0.0,0.0,1.0,6.123233995736766e-17,1,0,0
2.1377871527212955,-4.0803274697817145,0.0,0.0,1.0,6.123233995736766e-17,1,0,0
2.136586993974194,-4.078754948620307,0.0,0.0,1.0,6.123233995736766e-17,1,0,0
2.1353838007818164,-4.077185674841346,0.0,0.0,1.0,6.123233995736766e-17,1,0,0
2.1341775663684426,-4.075619658024138,0.0,0.0,1.0,6.123233995736766e-17,1,0,0
2.132968283953019,-4.0740569077484805,0.0,0.0,1.0,6.123233995736766e-17,1,0,0
2.131755946749151,-4.072497433594665,0.0,0.0,1.0,6.123233995736766e-17,1,0,0
2.1305405479651034,-4.070941245143441,0.0,0.0,1.0,6.123233995736766e-17,1,0,0
2.1293220808039286,-4.069388351975901,0.0,0.0,1.0,6.123233995736766e-17,1,0,0
2.1281005384633453,-4.067838763673563,0.0,0.0,1.0,6.123233995736766e-17,1,0,0
2.12687591413595,-4.066292489818161,0.0,0.0,1.0,6.123233995736766e-17,1,0,0
2.1256482010091133,-4.06474953999171,0.0,0.0,1.0,6.123233995736766e-17,1,0,0
2.124417392265063,-4.063209923776443,0.0,0.0,1.0,6.123233995736766e-17,1,0,0
2.123183481080952,-4.061673650754714,0.0,0.0,1.0,6.123233995736766e-17,1,0,0
2.1219464606288034,-4.060140730509024,0.0,0.0,1.0,6.123233995736766e-17,1,0,0
2.1207063240756066,-4.058611172621909,0.0,0.0,1.0,6.123233995736766e-17,1,0,0
2.1194630645833645,-4.0570849866759335,0.0,0.0,1.0,6.123233995736766e-17,1,0,0
2.11821667530908,-4.0555621822536105,0.0,0.0,1.0,6.123233995736766e-17,1,0,0
2.1169671494048035,-4.054042768937385,0.0,0.0,1.0,6.123233995736766e-17,1,0,0
2.1157144800176546,-4.05252675630959,0.0,0.0,1.0,6.123233995736766e-17,1,0,0
2.114458660289895,-4.051014153952377,0.0,0.0,1.0,6.123233995736766e-17,1,0,0
2.113199683358924,-4.049504971447646,0.0,0.0,1.0,6.123233995736766e-17,1,0,0
2.1119375423573246,-4.047999218377074,0.0,0.0,1.0,6.123233995736766e-17,1,0,0
2.1106722304128978,-4.046496904321982,0.0,0.0,1.0,6.123233995736766e-17,1,0,0
2.1094037406486494,-4.0449980388633815,0.0,0.0,1.0,6.123233995736766e-17,1,0,0
2.1081320661829204,-4.04350263158183,0.0,0.0,1.0,6.123233995736766e-17,1,0,0
2.1068572001293444,-4.042010692057432,0.0,0.0,1.0,6.123233995736766e-17,1,0,0
2.1055791355968823,-4.040522229869818,0.0,0.0,1.0,6.123233995736766e-17,1,0,0
2.104297865689898,-4.039037254598028,0.0,0.0,1.0,6.123233995736766e-17,1,0,0
2.103013383508123,-4.037555775820556,0.0,0.0,1.0,6.123233995736766e-17,1,0,0
2.101725682146767,-4.036077803115216,0.0,0.0,1.0,6.123233995736766e-17,1,0,0
2.1004347546965114,-4.034603346059133,0.0,0.0,1.0,6.123233995736766e-17,1,0,0
2.099140594243513,-4.033132414228698,0.0,0.0,1.0,6.123233995736766e-17,1,0,0
2.09784319386953,-4.031665017199512,0.0,0.0,1.0,6.123233995736766e-17,1,0,0
2.0965425466517984,-4.030201164546369,0.0,0.0,1.0,6.123233995736766e-17,1,0,0
2.095238645663236,-4.028740865843167,0.0,0.0,1.0,6.123233995736766e-17,1,0,0
2.0939314839723817,-4.027284130662861,0.0,0.0,1.0,6.123233995736766e-17,1,0,0
2.0926210546434083,-4.025830968577461,0.0,0.0,1.0,6.123233995736766e-17,1,0,0
2.0913073507362667,-4.024381389157916,0.0,0.0,1.0,6.123233995736766e-17,1,0,0
2.0899903653065355,-4.022935401974171,0.0,0.0,1.0,6.123233995736766e-17,1,0,0
2.088670091405625,-4.02149301659501,0.0,0.0,1.0,6.123233995736766e-17,1,0,0
2.0873465220807574,-4.020054242588062,0.0,0.0,1.0,6.123233995736766e-17,1,0,0
2.0860196503749604,-4.018619089519754,0.0,0.0,1.0,6.123233995736766e-17,1,0,0
2.084689469327141,-4.01718756695524,0.0,0.0,1.0,6.123233995736766e-17,1,0,0
2.08335597197206,-4.015759684458414,0.0,0.0,1.0,6.123233995736766e-17,1,0,0
2.082019151340472,-4.014335451591787,0.0,0.0,1.0,6.123233995736766e-17,1,0,0
2.0806790004590416,-4.012914877916473,0.0,0.0,1.0,6.123233995736766e-17,1,0,0
2.0793355123504753,-4.011497972992151,0.0,0.0,1.0,6.123233995736766e-17,1,0,0
2.077988680033476,-4.010084746376996,0.0,0.0,1.0,6.123233995736766e-17,1,0,0
2.076638496522797,-4.0086752076276815,0.0,0.0,1.0,6.123233995736766e-17,1,0,0
2.075284954829304,-4.007269366299268,0.0,0.0,1.0,6.123233995736766e-17,1,0,0
2.0739280479599875,-4.005867231945174,0.0,0.0,1.0,6.123233995736766e-17,1,0,0
2.0725677689179913,-4.004468814117162,0.0,0.0,1.0,6.123233995736766e-17,1,0,0
2.071204110702667,-4.003074122365246,0.0,0.0,1.0,6.123233995736766e-17,1,0,0
2.0698370663095313,-4.001683166237711,0.0,0.0,1.0,6.123233995736766e-17,1,0,0
2.068466628730426,-4.000295955280968,0.0,0.0,1.0,6.123233995736766e-17,1,0,0
2.06709279095344,-3.998912499039597,0.0,0.0,1.0,6.123233995736766e-17,1,0,0
2.0657155459629926,-3.9975328070562526,0.0,0.0,1.0,6.123233995736766e-17,1,0,0
2.0643348867398887,-3.9961568888716044,0.0,0.0,1.0,6.123233995736766e-17,1,0,0
2.062950806261242,-3.9947847540243746,0.0,0.0,1.0,6.123233995736766e-17,1,0,0
2.061563297500647,-3.9934164120511806,0.0,0.0,1.0,6.123233995736766e-17,1,0,0
2.0601723534281295,-3.992051872486547,0.0,0.0,1.0,6.123233995736766e-17,1,0,0
2.0587779670102115,-3.990691144862849,0.0,0.0,1.0,6.123233995736766e-17,1,0,0
2.05738013120992,-3.989334238710264,0.0,0.0,1.0,6.123233995736766e-17,1,0,0
2.0559788389868188,-3.987981163556755,0.0,0.0,1.0,6.123233995736766e-17,1,0,0
2.0545740832970534,-3.9866319289279675,0.0,0.0,1.0,6.123233995736766e-17,1,0,0
2.053165857093413,-3.985286544347194,0.0,0.0,1.0,6.123233995736766e-17,1,0,0
2.051754153325311,-3.9839450193353843,0.0,0.0,1.0,6.123233995736766e-17,1,0,0
2.050338964938852,-3.9826073634110086,0.0,0.0,1.0,6.123233995736766e-17,1,0,0
2.0489202848768118,-3.9812735860901154,0.0,0.0,1.0,6.123233995736766e-17,1,0,0
2.0474981060787676,-3.9799436968861817,0.0,0.0,1.0,6.123233995736766e-17,1,0,0
2.046072421481022,-3.978617705310136,0.0,0.0,1.0,6.123233995736766e-17,1,0,0
2.0446432240167334,-3.9772956208702754,0.0,0.0,1.0,6.123233995736766e-17,1,0,0
2.043210506615874,-3.9759774530722187,0.0,0.0,1.0,6.123233995736766e-17,1,0,0
2.0417742622052715,-3.9746632114189135,0.0,0.0,1.0,6.123233995736766e-17,1,0,0
2.040334483708699,-3.973352905410516,0.0,0.0,1.0,6.123233995736766e-17,1,0,0
2.0388911640468446,-3.972046544544367,0.0,0.0,1.0,6.123233995736766e-17,1,0,0
2.037444296137383,-3.9707441383149704,0.0,0.0,1.0,6.123233995736766e-17,1,0,0
2.0359938728950064,-3.9694456962139104,0.0,0.0,1.0,6.123233995736766e-17,1,0,0
2.03453988723138,-3.9681512277298654,0.0,0.0,1.0,6.123233995736766e-17,1,0,0
2.033082332055303,-3.966860742348458,0.0,0.0,1.0,6.123233995736766e-17,1,0,0
2.031621200272649,-3.9655742495523225,0.0,0.0,1.0,6.123233995736766e-17,1,0,0
2.030156484786447,-3.964291758820957,0.0,0.0,1.0,6.123233995736766e-17,1,0,0
2.02868817849688,-3.963013279630744,0.0,0.0,1.0,6.123233995736766e-17,1,0,0
2.0272162743013036,-3.9617388214548983,0.0,0.0,1.0,6.123233995736766e-17,1,0,0
2.025740765094341,-3.9604683937633847,0.0,0.0,1.0,6.123233995736766e-17,1,0,0
2.02426164376787,-3.959202006022886,0.0,0.0,1.0,6.123233995736766e-17,1,0,0
2.022778903211085,-3.9579396676967713,0.0,0.0,1.0,6.123233995736766e-17,1,0,0
2.0212925363104874,-3.9566813882450185,0.0,0.0,1.0,6.123233995736766e-17,1,0,0
2.019802535949911,-3.9554271771242324,0.0,0.0,1.0,6.123233995736766e-17,1,0,0
2.0183088950106454,-3.954177043787495,0.0,0.0,1.0,6.123233995736766e-17,1,0,0
2.0168116063713675,-3.9529309976844167,0.0,0.0,1.0,6.123233995736766e-17,1,0,0
2.015310662908245,-3.9516890482610223,0.0,0.0,1.0,6.123233995736766e-17,1,0,0
2.01380605749492,-3.9504512049597293,0.0,0.0,1.0,6.123233995736766e-17,1,0,0
2.01229778300254,-3.949217477219336,0.0,0.0,1.0,6.123233995736766e-17,1,0,0
2.0107858322998493,-3.9479878744748955,0.0,0.0,1.0,6.123233995736766e-17,1,0,0
2.0092701982531453,-3.946762406157744,0.0,0.0,1.0,6.123233995736766e-17,1,0,0
2.007750873726412,-3.945541081695391,0.0,0.0,1.0,6.123233995736766e-17,1,0,0
2.0062278515811847,-3.944323910511542,0.0,0.0,1.0,6.123233995736766e-17,1,0,0
2.004701124676782,-3.9431109020259822,0.0,0.0,1.0,6.123233995736766e-17,1,0,0
2.0031706858701828,-3.9419020656545833,0.0,0.0,1.0,6.123233995736766e-17,1,0,0
2.0016365280161765,-3.9406974108092068,0.0,0.0,1.0,6.123233995736766e-17,1,0,0
2.0000986439673007,-3.939496946897693,0.0,0.0,1.0,6.123233995736766e-17,1,0,0
1.9985570265738841,-3.9383006833238405,0.0,0.0,1.0,6.123233995736766e-17,1,0,0
1.997011668684154,-3.9371086294872737,0.0,0.0,1.0,6.123233995736766e-17,1,0,0
1.9954625631442295,-3.9359207947834554,0.0,0.0,1.0,6.123233995736766e-17,1,0,0
1.9939097027980817,-3.934737188603664,0.0,0.0,1.0,6.123233995736766e-17,1,0,0
1.9923530804877096,-3.933557820334847,0.0,0.0,1.0,6.123233995736766e-17,1,0,0
1.9907926890530259,-3.932382699359725,0.0,0.0,1.0,6.123233995736766e-17,1,0,0
1.989228521331985,-3.9312118350565957,0.0,0.0,1.0,6.123233995736766e-17,1,0,0
1.9876605701606038,-3.9300452367993635,0.0,0.0,1.0,6.123233995736766e-17,1,0,0
1.9860888283729559,-3.9288829139574863,0.0,0.0,1.0,6.123233995736766e-17,1,0,0
1.9845132888012451,-3.9277248758959025,0.0,0.0,1.0,6.123233995736766e-17,1,0,0
1.982933944275773,-3.926571131975048,0.0,0.0,1.0,6.123233995736766e-17,1,0,0
1.9813507876250738,-3.9254216915507167,0.0,0.0,1.0,6.123233995736766e-17,1,0,0
1.9797638116758602,-3.924276563974083,0.0,0.0,1.0,6.123233995736766e-17,1,0,0
1.978173009253093,-3.9231357585916222,0.0,0.0,1.0,6.123233995736766e-17,1,0,0
1.9765783731800333,-3.921999284745061,0.0,0.0,1.0,6.123233995736766e-17,1,0,0
1.9749798962781828,-3.920867151771404,0.0,0.0,1.0,6.123233995736766e-17,1,0,0
1.9733775713674475,-3.9197393690027496,0.0,0.0,1.0,6.123233995736766e-17,1,0,0
1.9717713912660817,-3.918615945766362,0.0,0.0,1.0,6.123233995736766e-17,1,0,0
1.9701613487907308,-3.917496891384571,0.0,0.0,1.0,6.123233995736766e-17,1,0,0
1.9685474367565254,-3.9163822151747123,0.0,0.0,1.0,6.123233995736766e-17,1,0,0
1.9669296479769862,-3.9152719264491647,0.0,0.0,1.0,6.123233995736766e-17,1,0,0
1.9653079752642022,-3.9141660345151816,0.0,0.0,1.0,6.123233995736766e-17,1,0,0
1.9636824114287674,-3.91306454867493,0.0,0.0,1.0,6.123233995736766e-17,1,0,0
1.9620529492798784,-3.9119674782254017,0.0,0.0,1.0,6.123233995736766e-17,1,0,0
1.9604195816252512,-3.9108748324584113,0.0,0.0,1.0,6.123233995736766e-17,1,0,0
1.958782301271333,-3.909786620660495,0.0,0.0,1.0,6.123233995736766e-17,1,0,0
1.957141101023173,-3.908702852112894,0.0,0.0,1.0,6.123233995736766e-17,1,0,0
1.9554959736845239,-3.907623536091509,0.0,0.0,1.0,6.123233995736766e-17,1,0,0
1.9538469120579245,-3.906548681866823,0.0,0.0,1.0,6.123233995736766e-17,1,0,0
1.9521939089445768,-3.905478298703917,0.0,0.0,1.0,6.123233995736766e-17,1,0,0
1.95053695714455,-3.904412395862363,0.0,0.0,1.0,6.123233995736766e-17,1,0,0
1.9488760494567405,-3.9033509825961827,0.0,0.0,1.0,6.123233995736766e-17,1,0,0
1.9472111786788646,-3.902294068153832,0.0,0.0,1.0,6.123233995736766e-17,1,0,0
1.9455423376075809,-3.901241661778129,0.0,0.0,1.0,6.123233995736766e-17,1,0,0
1.943869519038423,-3.9001937727062304,0.0,0.0,1.0,6.123233995736766e-17,1,0,0
1.9421927157659213,-3.899150410169559,0.0,0.0,1.0,6.123233995736766e-17,1,0,0
1.94051192058357,-3.898111583393761,0.0,0.0,1.0,6.123233995736766e-17,1,0,0
1.9388271262839007,-3.897077301598674,0.0,0.0,1.0,6.123233995736766e-17,1,0,0
1.9371383256585317,-3.896047573998245,0.0,0.0,1.0,6.123233995736766e-17,1,0,0
1.935445511498085,-3.895022409800566,0.0,0.0,1.0,6.123233995736766e-17,1,0,0
1.933748676592385,-3.894001818207711,0.0,0.0,1.0,6.123233995736766e-17,1,0,0
1.9320478137303683,-3.8929858084157876,0.0,0.0,1.0,6.123233995736766e-17,1,0,0
1.9303429157001815,-3.8919743896148273,0.0,0.0,1.0,6.123233995736766e-17,1,0,0
1.928633975289179,-3.890967570988754,0.0,0.0,1.0,6.123233995736766e-17,1,0,0
1.9269209852839446,-3.8899653617153866,0.0,0.0,1.0,6.123233995736766e-17,1,0,0
1.9252039384703739,-3.888967770966313,0.0,0.0,1.0,6.123233995736766e-17,1,0,0
1.9234828276336724,-3.8879748079068897,0.0,0.0,1.0,6.123233995736766e-17,1,0,0
1.9217576455583918,-3.88698648169618,0.0,0.0,1.0,6.123233995736766e-17,1,0,0
1.9200283850284758,-3.886002801486905,0.0,0.0,1.0,6.123233995736766e-17,1,0,0
1.918295038827248,-3.885023776425454,0.0,0.0,1.0,6.123233995736766e-17,1,0,0
1.9165575997375202,-3.8840494156517167,0.0,0.0,1.0,6.123233995736766e-17,1,0,0
1.914816060541545,-3.8830797282991503,0.0,0.0,1.0,6.123233995736766e-17,1,0,0
1.9130704140211314,-3.8821147234946776,0.0,0.0,1.0,6.123233995736766e-17,1,0,0
1.911320652957611,-3.8811544103586306,0.0,0.0,1.0,6.123233995736766e-17,1,0,0
1.9095667701318584,-3.8801987980047783,0.0,0.0,1.0,6.123233995736766e-17,1,0,0
1.9078087583244003,-3.879247895540168,0.0,0.0,1.0,6.123233995736766e-17,1,0,0
1.9060466103154021,-3.8783017120651686,0.0,0.0,1.0,6.123233995736766e-17,1,0,0
1.9042803188846877,-3.877360256673373,0.0,0.0,1.0,6.123233995736766e-17,1,0,0
1.9025098768118085,-3.876423538451558,0.0,0.0,1.0,6.123233995736766e-17,1,0,0
1.9007352768760155,-3.875491566479702,0.0,0.0,1.0,6.123233995736766e-17,1,0,0
1.898956511856362,-3.874564349830826,0.0,0.0,1.0,6.123233995736766e-17,1,0,0
1.8971735745317175,-3.8736418975710314,0.0,0.0,1.0,6.123233995736766e-17,1,0,0
1.89538645768076,-3.872724218759414,0.0,0.0,1.0,6.123233995736766e-17,1,0,0
1.8935951540820788,-3.871811322448026,0.0,0.0,1.0,6.123233995736766e-17,1,0,0
1.8917996565140862,-3.8709032176818643,0.0,0.0,1.0,6.123233995736766e-17,1,0,0
1.889999957755208,-3.8699999134987593,0.0,0.0,1.0,6.123233995736766e-17,1,0,0
